rule,trial,model_family,mcc,phi,lapse_recall,seed,method
knee_point,89,dtree,0.1052794010224975,0.6480050478079954,0.3643222639933166,0,nsga2
max_mcc,96,dtree,0.129200190756752,0.5063552621669073,0.2164525898078529,0,nsga2
max_phi,89,dtree,0.1052794010224975,0.6480050478079954,0.3643222639933166,0,nsga2
max_lapse_recall,82,dtree,0.1030163685208491,0.5311543969494542,0.3697786131996659,0,nsga2
knee_point,79,dtree,0.1323876603253155,0.5106510289481724,0.2481986215538847,0,random
max_mcc,79,dtree,0.1323876603253155,0.5106510289481724,0.2481986215538847,0,random
max_phi,23,dtree,0.084309973431152,0.5166548894678823,0.2546470342522974,0,random
max_lapse_recall,53,xgboost,0.111796090516673,0.0429004850992283,0.4957184628237259,0,random
knee_point,73,dtree,0.1261622501964926,0.683904354258972,0.406484962406015,1,nsga2
max_mcc,12,dtree,0.1407862448924425,0.5012312823956093,0.2903613199665831,1,nsga2
max_phi,61,dtree,0.0985658098458032,0.699820474999358,0.3697786131996659,1,nsga2
max_lapse_recall,84,lightgbm,0.1250907060895043,0.0054755327362595,0.4108970342522974,1,nsga2
knee_point,16,dtree,0.1111427172908031,0.6625654738941599,0.3643222639933166,1,random
max_mcc,16,dtree,0.1111427172908031,0.6625654738941599,0.3643222639933166,1,random
max_phi,16,dtree,0.1111427172908031,0.6625654738941599,0.3643222639933166,1,random
max_lapse_recall,76,logreg,0.0310167974938238,0.1018514808029156,0.3788116123642439,1,random
knee_point,96,dtree,0.0666491149386437,0.5795181439460407,0.2728696741854636,2,nsga2
max_mcc,98,dtree,0.0962645179856773,0.2291226174897037,0.5461309523809524,2,nsga2
max_phi,96,dtree,0.0666491149386437,0.5795181439460407,0.2728696741854636,2,nsga2
max_lapse_recall,98,dtree,0.0962645179856773,0.2291226174897037,0.5461309523809524,2,nsga2
knee_point,78,dtree,0.0989125510328585,0.5224688442167119,0.2974885129490393,2,random
max_mcc,94,rforest,0.1096510617448208,0.0875376053471168,0.4140559732664995,2,random
max_phi,87,dtree,0.0437478349455986,0.5544032962025058,0.2569966583124478,2,random
max_lapse_recall,16,logreg,0.0202174667785934,0.0358742879181828,0.529344193817878,2,random
knee_point,95,dtree,0.1014687835620939,0.6316028065997715,0.3154761904761904,3,nsga2
max_mcc,3,dtree,0.1211157504802905,0.2464721742446557,0.5774331662489557,3,nsga2
max_phi,88,dtree,0.0673936605894803,0.662152542356696,0.2766551796157059,3,nsga2
max_lapse_recall,3,dtree,0.1211157504802905,0.2464721742446557,0.5774331662489557,3,nsga2
knee_point,3,dtree,0.1211157504802905,0.2464721742446557,0.5774331662489557,3,random
max_mcc,3,dtree,0.1211157504802905,0.2464721742446557,0.5774331662489557,3,random
max_phi,9,dtree,0.0759185999984236,0.63179687674951,0.2974885129490393,3,random
max_lapse_recall,3,dtree,0.1211157504802905,0.2464721742446557,0.5774331662489557,3,random
knee_point,83,dtree,0.1011422164497561,0.5225084990656275,0.4228017961570593,4,nsga2
max_mcc,30,xgboost,0.1537033069073626,0.0880566627538019,0.4530597326649958,4,nsga2
max_phi,50,dtree,0.0792713222453609,0.6490990750810881,0.2060359231411862,4,nsga2
max_lapse_recall,56,dtree,0.0902423062683355,0.2752591774570294,0.5139411027568922,4,nsga2
knee_point,70,dtree,0.0914197303761464,0.5846315821231672,0.3998015873015872,4,random
max_mcc,96,dtree,0.117858633010839,0.5258919003510306,0.456218671679198,4,random
max_phi,60,dtree,0.0615738358325472,0.6239143947408091,0.2695279866332498,4,random
max_lapse_recall,96,dtree,0.117858633010839,0.5258919003510306,0.456218671679198,4,random
