seed,rule,trial,model_family,search_mcc,fresh3fold_mcc,fresh3fold_per_subject_mcc,loso_pooled_mcc,loso_per_subject_mcc
0,knee_point,89,dtree,0.1052794010224975,0.086085770689341,0.0690603957460443,-0.0846389577178706,-0.033645831453418665
0,max_mcc,96,dtree,0.129200190756752,0.10967792331999691,0.0643435300815824,-0.05620733117048923,0.02735917177315785
0,max_phi,89,dtree,0.1052794010224975,0.086085770689341,0.0690603957460443,-0.0846389577178706,-0.033645831453418665
0,max_lapse_recall,82,dtree,0.1030163685208491,0.09636270326897738,0.09631595271150527,-0.05777483986402002,0.0024848754758031145
1,knee_point,73,dtree,0.1261622501964926,0.06864371118661584,0.07549907731530794,-0.0783045073879624,0.0021348437865116644
1,max_mcc,12,dtree,0.1407862448924425,0.10160589001455055,0.05789496810783592,-0.07158450059526542,0.016488500021302283
1,max_phi,61,dtree,0.0985658098458032,0.07890959404100695,0.08355991045290388,-0.056520495306577385,0.00989159304747202
1,max_lapse_recall,84,lightgbm,0.1250907060895043,0.11607316999501238,0.044477125198865666,0.031116148052986344,0.017402476186305256
2,knee_point,96,dtree,0.0666491149386437,0.09368538125681086,0.07998155541002419,-0.07831359996040864,-0.0588963935792177
2,max_mcc,98,dtree,0.0962645179856773,0.07896463232862078,0.08599008549440637,-0.13211820954315603,-0.056650057234470384
2,max_phi,96,dtree,0.0666491149386437,0.09368538125681086,0.07998155541002419,-0.07831359996040864,-0.0588963935792177
2,max_lapse_recall,98,dtree,0.0962645179856773,0.07896463232862078,0.08599008549440637,-0.13211820954315603,-0.056650057234470384
3,knee_point,95,dtree,0.1014687835620939,0.07001325346399837,0.07174553972556526,0.0344701334344386,0.03158654802457421
3,max_mcc,3,dtree,0.1211157504802905,0.10876637279550856,0.07204142670181284,-0.15043805691719805,-0.03448933886997936
3,max_phi,88,dtree,0.0673936605894803,0.09180899261387046,0.0976116759311116,0.030050148529711627,0.004175308596259894
3,max_lapse_recall,3,dtree,0.1211157504802905,0.10876637279550856,0.07204142670181284,-0.15043805691719805,-0.03448933886997936
4,knee_point,83,dtree,0.1011422164497561,0.11067934300634956,0.0659701577245257,-0.07557627453545719,0.010143978099160737
4,max_mcc,30,xgboost,0.1537033069073626,0.11708201849812798,0.040120895683474614,0.055619089266129185,0.04929753706940545
4,max_phi,50,dtree,0.0792713222453609,0.0780149918710716,0.07390382767098694,-0.0650521786372166,-0.03029784747863708
4,max_lapse_recall,56,dtree,0.0902423062683355,0.10876637279550856,0.07204142670181284,-0.15043805691719805,-0.03448933886997936
