seed,rule,subject,n,n_classes,mcc,acc
0,knee_point,1,60,2,0.05845664125232265,0.2833333333333333
0,knee_point,2,60,2,-0.03132657448383193,0.48333333333333334
0,knee_point,3,60,1,,0.95
0,knee_point,4,60,2,-0.21678713743864778,0.31666666666666665
0,knee_point,5,60,2,-0.07148273870488135,0.6
0,knee_point,6,60,2,-0.08084520834544433,0.6166666666666667
0,knee_point,7,40,3,0.04271788288583805,0.6
0,knee_point,8,60,2,0.10590640259442836,0.7
0,knee_point,9,40,2,-0.0524863881081478,0.225
0,knee_point,10,40,1,,0.65
0,knee_point,11,60,2,-0.085202864568461,0.7333333333333333
0,knee_point,12,20,1,,0.7
0,knee_point,13,40,2,-0.005408329617361469,0.75
0,knee_point,14,60,1,,0.4666666666666667
0,max_mcc,1,60,2,0.10006005405405677,0.2833333333333333
0,max_mcc,2,60,2,0.035071531191594715,0.5666666666666667
0,max_mcc,3,60,1,,0.9166666666666666
0,max_mcc,4,60,2,-0.2234927998849353,0.3
0,max_mcc,5,60,2,-0.024753899239624618,0.36666666666666664
0,max_mcc,6,60,2,0.023799531982398026,0.65
0,max_mcc,7,40,3,0.02861413713648467,0.5
0,max_mcc,8,60,2,0.16135954742471026,0.7833333333333333
0,max_mcc,9,40,2,0.1091089451179962,0.6
0,max_mcc,10,40,1,,0.8
0,max_mcc,11,60,2,0.04835094770297237,0.6
0,max_mcc,12,20,1,,0.7
0,max_mcc,13,40,2,0.01547372224592534,0.775
0,max_mcc,14,60,1,,0.36666666666666664
0,max_phi,1,60,2,0.05845664125232265,0.2833333333333333
0,max_phi,2,60,2,-0.03132657448383193,0.48333333333333334
0,max_phi,3,60,1,,0.95
0,max_phi,4,60,2,-0.21678713743864778,0.31666666666666665
0,max_phi,5,60,2,-0.07148273870488135,0.6
0,max_phi,6,60,2,-0.08084520834544433,0.6166666666666667
0,max_phi,7,40,3,0.04271788288583805,0.6
0,max_phi,8,60,2,0.10590640259442836,0.7
0,max_phi,9,40,2,-0.0524863881081478,0.225
0,max_phi,10,40,1,,0.65
0,max_phi,11,60,2,-0.085202864568461,0.7333333333333333
0,max_phi,12,20,1,,0.7
0,max_phi,13,40,2,-0.005408329617361469,0.75
0,max_phi,14,60,1,,0.4666666666666667
0,max_lapse_recall,1,60,2,0.08109619410699828,0.2833333333333333
0,max_lapse_recall,2,60,2,-0.05372548648648271,0.45
0,max_lapse_recall,3,60,1,,0.9166666666666666
0,max_lapse_recall,4,60,2,-0.1889822365046136,0.3
0,max_lapse_recall,5,60,2,-0.053812848238506183,0.5833333333333334
0,max_lapse_recall,6,60,2,-0.06612473591324892,0.35
0,max_lapse_recall,7,40,3,0.20024330828660572,0.575
0,max_lapse_recall,8,60,2,0.08980265101338746,0.6666666666666666
0,max_lapse_recall,9,40,2,-0.04427110020757165,0.15
0,max_lapse_recall,10,40,1,,0.65
0,max_lapse_recall,11,60,2,0.1083457956975773,0.7333333333333333
0,max_lapse_recall,12,20,1,,0.55
0,max_lapse_recall,13,40,2,-0.04772278699611455,0.65
0,max_lapse_recall,14,60,1,,0.4166666666666667
1,knee_point,1,60,2,0.05845664125232265,0.2833333333333333
1,knee_point,2,60,2,0.1602566160430008,0.6833333333333333
1,knee_point,3,60,1,,0.95
1,knee_point,4,60,2,-0.2773975205457409,0.31666666666666665
1,knee_point,5,60,2,-0.06423062878756407,0.6166666666666667
1,knee_point,6,60,2,-0.07916234242585696,0.6
1,knee_point,7,40,3,0.045426629732570806,0.525
1,knee_point,8,60,2,0.07945907459933454,0.65
1,knee_point,9,40,2,-0.0524863881081478,0.225
1,knee_point,10,40,1,,0.625
1,knee_point,11,60,2,0.09680038658279579,0.7
1,knee_point,12,20,1,,0.7
1,knee_point,13,40,2,0.054225969522401815,0.725
1,knee_point,14,60,1,,0.5
1,max_mcc,1,60,2,0.10830607221477646,0.2833333333333333
1,max_mcc,2,60,2,0.018294043331615058,0.5833333333333334
1,max_mcc,3,60,1,,0.85
1,max_mcc,4,60,2,-0.20483238479055768,0.3
1,max_mcc,5,60,2,0.009989516508612453,0.5166666666666667
1,max_mcc,6,60,2,-0.0057357707125141495,0.6833333333333333
1,max_mcc,7,40,3,0.050186297765042895,0.575
1,max_mcc,8,60,2,0.14502579376377833,0.7666666666666667
1,max_mcc,9,40,2,0.02528608687120868,0.35
1,max_mcc,10,40,1,,0.8
1,max_mcc,11,60,2,0.0028916230151354314,0.4666666666666667
1,max_mcc,12,20,1,,0.7
1,max_mcc,13,40,2,0.01547372224592534,0.775
1,max_mcc,14,60,1,,0.31666666666666665
1,max_phi,1,60,2,0.05845664125232265,0.2833333333333333
1,max_phi,2,60,2,0.14499988671888275,0.6333333333333333
1,max_phi,3,60,1,,0.95
1,max_phi,4,60,2,-0.2037706832433973,0.3333333333333333
1,max_phi,5,60,2,-0.024420123527065272,0.5166666666666667
1,max_phi,6,60,2,-0.1252448582170299,0.36666666666666664
1,max_phi,7,40,3,0.045426629732570806,0.525
1,max_phi,8,60,2,0.07519077544449274,0.6333333333333333
1,max_phi,9,40,2,-0.061960199637076205,0.3
1,max_phi,10,40,1,,0.625
1,max_phi,11,60,2,0.09680038658279579,0.7
1,max_phi,12,20,1,,0.85
1,max_phi,13,40,2,0.09343747536822418,0.75
1,max_phi,14,60,1,,0.55
1,max_lapse_recall,1,60,2,0.08297543867187748,0.35
1,max_lapse_recall,2,60,2,0.029630442547297988,0.38333333333333336
1,max_lapse_recall,3,60,1,,0.9666666666666667
1,max_lapse_recall,4,60,2,-0.1864685351570504,0.38333333333333336
1,max_lapse_recall,5,60,2,-0.03582875221370305,0.4166666666666667
1,max_lapse_recall,6,60,2,-0.19647631199834392,0.5166666666666667
1,max_lapse_recall,7,40,3,0.42797846902927333,0.65
1,max_lapse_recall,8,60,2,0.22173889668440278,0.8833333333333333
1,max_lapse_recall,9,40,2,0.012301695782628073,0.45
1,max_lapse_recall,10,40,1,,0.775
1,max_lapse_recall,11,60,2,0.08408143025582547,0.6333333333333333
1,max_lapse_recall,12,20,1,,0.75
1,max_lapse_recall,13,40,2,-0.2659080117391552,0.575
1,max_lapse_recall,14,60,1,,0.8
2,knee_point,1,60,2,-0.017292861596651866,0.25
2,knee_point,2,60,2,-0.1026309117238689,0.31666666666666665
2,knee_point,3,60,1,,0.9333333333333333
2,knee_point,4,60,2,-0.3467405480090089,0.26666666666666666
2,knee_point,5,60,2,0.050284962099717646,0.43333333333333335
2,knee_point,6,60,2,-0.07127976658704265,0.6666666666666666
2,knee_point,7,40,3,0.05724865568334513,0.55
2,knee_point,8,60,2,0.06832058235235108,0.6166666666666667
2,knee_point,9,40,2,0.08371385281611447,0.425
2,knee_point,10,40,1,,0.675
2,knee_point,11,60,2,-0.08030480759121399,0.75
2,knee_point,12,20,1,,0.8
2,knee_point,13,40,2,-0.23028309323591914,0.625
2,knee_point,14,60,1,,0.8166666666666667
2,max_mcc,1,60,2,0.04852227237855603,0.26666666666666666
2,max_mcc,2,60,2,-0.1127859237219941,0.1
2,max_mcc,3,60,1,,0.8833333333333333
2,max_mcc,4,60,2,-0.05594056054711512,0.38333333333333336
2,max_mcc,5,60,2,-0.02392040820868914,0.25
2,max_mcc,6,60,2,-0.1067365887230757,0.13333333333333333
2,max_mcc,7,40,3,-0.10663028108595325,0.6
2,max_mcc,8,60,2,-0.11791665765914455,0.5666666666666667
2,max_mcc,9,40,2,0.039749920500238504,0.225
2,max_mcc,10,40,1,,0.7
2,max_mcc,11,60,2,0.03671321658229483,0.5833333333333334
2,max_mcc,12,20,1,,0.25
2,max_mcc,13,40,2,-0.16755556185982137,0.625
2,max_mcc,14,60,1,,0.5666666666666667
2,max_phi,1,60,2,-0.017292861596651866,0.25
2,max_phi,2,60,2,-0.1026309117238689,0.31666666666666665
2,max_phi,3,60,1,,0.9333333333333333
2,max_phi,4,60,2,-0.3467405480090089,0.26666666666666666
2,max_phi,5,60,2,0.050284962099717646,0.43333333333333335
2,max_phi,6,60,2,-0.07127976658704265,0.6666666666666666
2,max_phi,7,40,3,0.05724865568334513,0.55
2,max_phi,8,60,2,0.06832058235235108,0.6166666666666667
2,max_phi,9,40,2,0.08371385281611447,0.425
2,max_phi,10,40,1,,0.675
2,max_phi,11,60,2,-0.08030480759121399,0.75
2,max_phi,12,20,1,,0.8
2,max_phi,13,40,2,-0.23028309323591914,0.625
2,max_phi,14,60,1,,0.8166666666666667
2,max_lapse_recall,1,60,2,0.04852227237855603,0.26666666666666666
2,max_lapse_recall,2,60,2,-0.1127859237219941,0.1
2,max_lapse_recall,3,60,1,,0.8833333333333333
2,max_lapse_recall,4,60,2,-0.05594056054711512,0.38333333333333336
2,max_lapse_recall,5,60,2,-0.02392040820868914,0.25
2,max_lapse_recall,6,60,2,-0.1067365887230757,0.13333333333333333
2,max_lapse_recall,7,40,3,-0.10663028108595325,0.6
2,max_lapse_recall,8,60,2,-0.11791665765914455,0.5666666666666667
2,max_lapse_recall,9,40,2,0.039749920500238504,0.225
2,max_lapse_recall,10,40,1,,0.7
2,max_lapse_recall,11,60,2,0.03671321658229483,0.5833333333333334
2,max_lapse_recall,12,20,1,,0.25
2,max_lapse_recall,13,40,2,-0.16755556185982137,0.625
2,max_lapse_recall,14,60,1,,0.5666666666666667
3,knee_point,1,60,2,0.10006005405405677,0.2833333333333333
3,knee_point,2,60,2,0.03189504660547483,0.4666666666666667
3,knee_point,3,60,1,,0.9333333333333333
3,knee_point,4,60,2,0.06097107608496924,0.4666666666666667
3,knee_point,5,60,2,0.10950788226283331,0.36666666666666664
3,knee_point,6,60,2,-0.10359208249112944,0.75
3,knee_point,7,40,3,0.07355558353988983,0.625
3,knee_point,8,60,2,0.08980265101338746,0.6666666666666666
3,knee_point,9,40,2,0.04805693313322127,0.45
3,knee_point,10,40,1,,0.65
3,knee_point,11,60,2,0.11772954816425105,0.75
3,knee_point,12,20,1,,0.8
3,knee_point,13,40,2,-0.21212121212121213,0.65
3,knee_point,14,60,1,,0.85
3,max_mcc,1,60,2,0.04852227237855603,0.26666666666666666
3,max_mcc,2,60,2,0.08105784100371899,0.4666666666666667
3,max_mcc,3,60,1,,0.7166666666666667
3,max_mcc,4,60,2,-0.07018624063435963,0.35
3,max_mcc,5,60,2,0.09325588711912385,0.16666666666666666
3,max_mcc,6,60,2,-0.125917218386151,0.21666666666666667
3,max_mcc,7,40,3,-0.07108685405730217,0.6
3,max_mcc,8,60,2,-0.10699005156001097,0.55
3,max_mcc,9,40,2,-0.020833333333333332,0.075
3,max_mcc,10,40,1,,0.05
3,max_mcc,11,60,2,0.06189844605901729,0.13333333333333333
3,max_mcc,12,20,1,,0.2
3,max_mcc,13,40,2,-0.23461413728905264,0.225
3,max_mcc,14,60,1,,0.8333333333333334
3,max_phi,1,60,2,0.040614777080541176,0.26666666666666666
3,max_phi,2,60,2,0.03179815003744466,0.48333333333333334
3,max_phi,3,60,1,,0.95
3,max_phi,4,60,2,-0.031750031750047626,0.45
3,max_phi,5,60,2,-0.0549406014493753,0.48333333333333334
3,max_phi,6,60,2,-0.09101978021212503,0.6333333333333333
3,max_phi,7,40,3,0.17400964856706186,0.6
3,max_phi,8,60,2,0.10275852103165509,0.7
3,max_phi,9,40,2,0.10812809954974786,0.475
3,max_phi,10,40,1,,0.675
3,max_phi,11,60,2,-0.06376804093660592,0.8166666666666667
3,max_phi,12,20,1,,0.75
3,max_phi,13,40,2,-0.17407765595569782,0.7
3,max_phi,14,60,1,,0.8
3,max_lapse_recall,1,60,2,0.04852227237855603,0.26666666666666666
3,max_lapse_recall,2,60,2,0.08105784100371899,0.4666666666666667
3,max_lapse_recall,3,60,1,,0.7166666666666667
3,max_lapse_recall,4,60,2,-0.07018624063435963,0.35
3,max_lapse_recall,5,60,2,0.09325588711912385,0.16666666666666666
3,max_lapse_recall,6,60,2,-0.125917218386151,0.21666666666666667
3,max_lapse_recall,7,40,3,-0.07108685405730217,0.6
3,max_lapse_recall,8,60,2,-0.10699005156001097,0.55
3,max_lapse_recall,9,40,2,-0.020833333333333332,0.075
3,max_lapse_recall,10,40,1,,0.05
3,max_lapse_recall,11,60,2,0.06189844605901729,0.13333333333333333
3,max_lapse_recall,12,20,1,,0.2
3,max_lapse_recall,13,40,2,-0.23461413728905264,0.225
3,max_lapse_recall,14,60,1,,0.8333333333333334
4,knee_point,1,60,2,0.09169393215422907,0.2833333333333333
4,knee_point,2,60,2,0.0,0.5666666666666667
4,knee_point,3,60,1,,0.9166666666666666
4,knee_point,4,60,2,-0.20495609570554651,0.35
4,knee_point,5,60,2,-0.040319079676513665,0.48333333333333334
4,knee_point,6,60,2,-0.005901476940896585,0.7
4,knee_point,7,40,3,0.050186297765042895,0.575
4,knee_point,8,60,2,0.18657918580858354,0.8333333333333334
4,knee_point,9,40,2,0.0,0.3
4,knee_point,10,40,1,,0.85
4,knee_point,11,60,2,0.008683295340783298,0.48333333333333334
4,knee_point,12,20,1,,0.7
4,knee_point,13,40,2,0.01547372224592534,0.775
4,knee_point,14,60,1,,0.31666666666666665
4,max_mcc,1,60,2,0.0349447673810821,0.26666666666666666
4,max_mcc,2,60,2,-0.06655173820620852,0.4
4,max_mcc,3,60,1,,0.9
4,max_mcc,4,60,2,0.14530954842977412,0.4166666666666667
4,max_mcc,5,60,2,0.005340039888110923,0.25
4,max_mcc,6,60,2,-0.12393101575882827,0.6666666666666666
4,max_mcc,7,40,3,0.44053527823053257,0.7
4,max_mcc,8,60,2,0.18270194516516758,0.6833333333333333
4,max_mcc,9,40,2,-0.025125945381480302,0.35
4,max_mcc,10,40,1,,0.75
4,max_mcc,11,60,2,0.20644622815064484,0.5833333333333334
4,max_mcc,12,20,1,,0.65
4,max_mcc,13,40,2,-0.3066937372047406,0.45
4,max_mcc,14,60,1,,0.7333333333333333
4,max_phi,1,60,2,0.09169393215422907,0.2833333333333333
4,max_phi,2,60,2,0.03179815003744466,0.48333333333333334
4,max_phi,3,60,1,,0.9333333333333333
4,max_phi,4,60,2,-0.2983496562512806,0.3333333333333333
4,max_phi,5,60,2,-0.01321356237390039,0.5
4,max_phi,6,60,2,-0.07743083325784773,0.65
4,max_phi,7,40,3,0.05724865568334513,0.55
4,max_phi,8,60,2,0.08685104172245639,0.6666666666666666
4,max_phi,9,40,2,0.14350946197048195,0.45
4,max_phi,10,40,1,,0.675
4,max_phi,11,60,2,-0.09480257123538013,0.7
4,max_phi,12,20,1,,0.8
4,max_phi,13,40,2,-0.23028309323591914,0.625
4,max_phi,14,60,1,,0.8666666666666667
4,max_lapse_recall,1,60,2,0.04852227237855603,0.26666666666666666
4,max_lapse_recall,2,60,2,0.08105784100371899,0.4666666666666667
4,max_lapse_recall,3,60,1,,0.7166666666666667
4,max_lapse_recall,4,60,2,-0.07018624063435963,0.35
4,max_lapse_recall,5,60,2,0.09325588711912385,0.16666666666666666
4,max_lapse_recall,6,60,2,-0.125917218386151,0.21666666666666667
4,max_lapse_recall,7,40,3,-0.07108685405730217,0.6
4,max_lapse_recall,8,60,2,-0.10699005156001097,0.55
4,max_lapse_recall,9,40,2,-0.020833333333333332,0.075
4,max_lapse_recall,10,40,1,,0.05
4,max_lapse_recall,11,60,2,0.06189844605901729,0.13333333333333333
4,max_lapse_recall,12,20,1,,0.2
4,max_lapse_recall,13,40,2,-0.23461413728905264,0.225
4,max_lapse_recall,14,60,1,,0.8333333333333334
