seed,rule,subject,mcc,mcc_em
0,knee_point,1,0.05845664125232265,0.025015013513514192
0,knee_point,2,-0.03132657448383193,-0.01580348853102535
0,knee_point,3,,
0,knee_point,4,-0.21678713743864778,-0.26466925246521955
0,knee_point,5,-0.07148273870488135,-0.06423062878756407
0,knee_point,6,-0.08084520834544433,-0.0962546753644436
0,knee_point,7,0.04271788288583805,0.09129609692138817
0,knee_point,8,0.10590640259442836,-0.05671574071161655
0,knee_point,9,-0.0524863881081478,-0.0524863881081478
0,knee_point,10,,
0,knee_point,11,-0.085202864568461,-0.085202864568461
0,knee_point,12,,
0,knee_point,13,-0.005408329617361469,-0.005408329617361469
0,knee_point,14,,
0,max_mcc,1,0.10006005405405677,0.05598925109558543
0,max_mcc,2,0.035071531191594715,0.035071531191594715
0,max_mcc,3,,
0,max_mcc,4,-0.2234927998849353,-0.3118347562549975
0,max_mcc,5,-0.024753899239624618,-0.024753899239624618
0,max_mcc,6,0.023799531982398026,0.023799531982398026
0,max_mcc,7,0.02861413713648467,0.0827586274996919
0,max_mcc,8,0.16135954742471026,-0.04281057164767173
0,max_mcc,9,0.1091089451179962,0.1091089451179962
0,max_mcc,10,,
0,max_mcc,11,0.04835094770297237,0.04835094770297237
0,max_mcc,12,,
0,max_mcc,13,0.01547372224592534,0.11865502129709506
0,max_mcc,14,,
0,max_phi,1,0.05845664125232265,0.025015013513514192
0,max_phi,2,-0.03132657448383193,-0.01580348853102535
0,max_phi,3,,
0,max_phi,4,-0.21678713743864778,-0.26466925246521955
0,max_phi,5,-0.07148273870488135,-0.06423062878756407
0,max_phi,6,-0.08084520834544433,-0.0962546753644436
0,max_phi,7,0.04271788288583805,0.09129609692138817
0,max_phi,8,0.10590640259442836,-0.05671574071161655
0,max_phi,9,-0.0524863881081478,-0.0524863881081478
0,max_phi,10,,
0,max_phi,11,-0.085202864568461,-0.085202864568461
0,max_phi,12,,
0,max_phi,13,-0.005408329617361469,-0.005408329617361469
0,max_phi,14,,
0,max_lapse_recall,1,0.08109619410699828,0.040614777080541176
0,max_lapse_recall,2,-0.05372548648648271,-0.05372548648648271
0,max_lapse_recall,3,,
0,max_lapse_recall,4,-0.1889822365046136,-0.23745873604346543
0,max_lapse_recall,5,-0.053812848238506183,-0.028854370574535278
0,max_lapse_recall,6,-0.06612473591324892,-0.07964094701441067
0,max_lapse_recall,7,0.20024330828660572,0.22766900417289976
0,max_lapse_recall,8,0.08980265101338746,-0.06720707515882411
0,max_lapse_recall,9,-0.04427110020757165,-0.04427110020757165
0,max_lapse_recall,10,,
0,max_lapse_recall,11,0.1083457956975773,-0.07530940414109724
0,max_lapse_recall,12,,
0,max_lapse_recall,13,-0.04772278699611455,0.18422753306654233
0,max_lapse_recall,14,,
1,knee_point,1,0.05845664125232265,0.025015013513514192
1,knee_point,2,0.1602566160430008,0.1602566160430008
1,knee_point,3,,
1,knee_point,4,-0.2773975205457409,-0.2773975205457409
1,knee_point,5,-0.06423062878756407,-0.06423062878756407
1,knee_point,6,-0.07916234242585696,-0.07916234242585696
1,knee_point,7,0.045426629732570806,0.045426629732570806
1,knee_point,8,0.07945907459933454,0.07945907459933454
1,knee_point,9,-0.0524863881081478,-0.0524863881081478
1,knee_point,10,,
1,knee_point,11,0.09680038658279579,0.09680038658279579
1,knee_point,12,,
1,knee_point,13,0.054225969522401815,0.054225969522401815
1,knee_point,14,,
1,max_mcc,1,0.10830607221477646,0.05598925109558543
1,max_mcc,2,0.018294043331615058,0.018294043331615058
1,max_mcc,3,,
1,max_mcc,4,-0.20483238479055768,-0.2858966759567453
1,max_mcc,5,0.009989516508612453,0.006848601129649212
1,max_mcc,6,-0.0057357707125141495,0.012328778690921818
1,max_mcc,7,0.050186297765042895,0.0827586274996919
1,max_mcc,8,0.14502579376377833,-0.05360562674188975
1,max_mcc,9,0.02528608687120868,0.02528608687120868
1,max_mcc,10,,
1,max_mcc,11,0.0028916230151354314,0.008893193797450552
1,max_mcc,12,,
1,max_mcc,13,0.01547372224592534,0.3476767476825577
1,max_mcc,14,,
1,max_phi,1,0.05845664125232265,0.025015013513514192
1,max_phi,2,0.14499988671888275,0.07458741406282014
1,max_phi,3,,
1,max_phi,4,-0.2037706832433973,-0.2037706832433973
1,max_phi,5,-0.024420123527065272,-0.024420123527065272
1,max_phi,6,-0.1252448582170299,-0.1252448582170299
1,max_phi,7,0.045426629732570806,0.045426629732570806
1,max_phi,8,0.07519077544449274,0.07519077544449274
1,max_phi,9,-0.061960199637076205,-0.061960199637076205
1,max_phi,10,,
1,max_phi,11,0.09680038658279579,0.09680038658279579
1,max_phi,12,,
1,max_phi,13,0.09343747536822418,0.09343747536822418
1,max_phi,14,,
1,max_lapse_recall,1,0.08297543867187748,0.0
1,max_lapse_recall,2,0.029630442547297988,0.0
1,max_lapse_recall,3,,
1,max_lapse_recall,4,-0.1864685351570504,0.0
1,max_lapse_recall,5,-0.03582875221370305,0.0
1,max_lapse_recall,6,-0.19647631199834392,0.0
1,max_lapse_recall,7,0.42797846902927333,0.0
1,max_lapse_recall,8,0.22173889668440278,0.0
1,max_lapse_recall,9,0.012301695782628073,0.0
1,max_lapse_recall,10,,
1,max_lapse_recall,11,0.08408143025582547,0.0
1,max_lapse_recall,12,,
1,max_lapse_recall,13,-0.2659080117391552,0.0
1,max_lapse_recall,14,,
2,knee_point,1,-0.017292861596651866,0.05598925109558543
2,knee_point,2,-0.1026309117238689,-0.11520390326841082
2,knee_point,3,,
2,knee_point,4,-0.3467405480090089,-0.386024323488978
2,knee_point,5,0.050284962099717646,0.050284962099717646
2,knee_point,6,-0.07127976658704265,-0.07127976658704265
2,knee_point,7,0.05724865568334513,0.05724865568334513
2,knee_point,8,0.06832058235235108,0.072373250482628
2,knee_point,9,0.08371385281611447,0.08371385281611447
2,knee_point,10,,
2,knee_point,11,-0.08030480759121399,-0.044310620576109974
2,knee_point,12,,
2,knee_point,13,-0.23028309323591914,-0.23028309323591914
2,knee_point,14,,
2,max_mcc,1,0.04852227237855603,0.0
2,max_mcc,2,-0.1127859237219941,-0.10594697207880636
2,max_mcc,3,,
2,max_mcc,4,-0.05594056054711512,0.0
2,max_mcc,5,-0.02392040820868914,-0.06217059141274923
2,max_mcc,6,-0.1067365887230757,-0.14821621529998127
2,max_mcc,7,-0.10663028108595325,0.0
2,max_mcc,8,-0.11791665765914455,-0.11197850219117086
2,max_mcc,9,0.039749920500238504,-0.040915854419248575
2,max_mcc,10,,
2,max_mcc,11,0.03671321658229483,0.04455887946994042
2,max_mcc,12,,
2,max_mcc,13,-0.16755556185982137,0.0
2,max_mcc,14,,
2,max_phi,1,-0.017292861596651866,0.05598925109558543
2,max_phi,2,-0.1026309117238689,-0.11520390326841082
2,max_phi,3,,
2,max_phi,4,-0.3467405480090089,-0.386024323488978
2,max_phi,5,0.050284962099717646,0.050284962099717646
2,max_phi,6,-0.07127976658704265,-0.07127976658704265
2,max_phi,7,0.05724865568334513,0.05724865568334513
2,max_phi,8,0.06832058235235108,0.072373250482628
2,max_phi,9,0.08371385281611447,0.08371385281611447
2,max_phi,10,,
2,max_phi,11,-0.08030480759121399,-0.044310620576109974
2,max_phi,12,,
2,max_phi,13,-0.23028309323591914,-0.23028309323591914
2,max_phi,14,,
2,max_lapse_recall,1,0.04852227237855603,0.0
2,max_lapse_recall,2,-0.1127859237219941,-0.10594697207880636
2,max_lapse_recall,3,,
2,max_lapse_recall,4,-0.05594056054711512,0.0
2,max_lapse_recall,5,-0.02392040820868914,-0.06217059141274923
2,max_lapse_recall,6,-0.1067365887230757,-0.14821621529998127
2,max_lapse_recall,7,-0.10663028108595325,0.0
2,max_lapse_recall,8,-0.11791665765914455,-0.11197850219117086
2,max_lapse_recall,9,0.039749920500238504,-0.040915854419248575
2,max_lapse_recall,10,,
2,max_lapse_recall,11,0.03671321658229483,0.04455887946994042
2,max_lapse_recall,12,,
2,max_lapse_recall,13,-0.16755556185982137,0.0
2,max_lapse_recall,14,,
3,knee_point,1,0.10006005405405677,0.08362420100070908
3,knee_point,2,0.03189504660547483,0.040555355282690636
3,knee_point,3,,
3,knee_point,4,0.06097107608496924,0.04685212856658182
3,knee_point,5,0.10950788226283331,0.1250627142777143
3,knee_point,6,-0.10359208249112944,-0.10359208249112944
3,knee_point,7,0.07355558353988983,0.07355558353988983
3,knee_point,8,0.08980265101338746,0.09763888493380606
3,knee_point,9,0.04805693313322127,-0.02528608687120868
3,knee_point,10,,
3,knee_point,11,0.11772954816425105,-0.025751310131230238
3,knee_point,12,,
3,knee_point,13,-0.21212121212121213,-0.21212121212121213
3,knee_point,14,,
3,max_mcc,1,0.04852227237855603,-0.03488070271985463
3,max_mcc,2,0.08105784100371899,0.08105784100371899
3,max_mcc,3,,
3,max_mcc,4,-0.07018624063435963,-0.2982749931359468
3,max_mcc,5,0.09325588711912385,0.04285343477010711
3,max_mcc,6,-0.125917218386151,-0.16597724626916918
3,max_mcc,7,-0.07108685405730217,-0.035543427028651084
3,max_mcc,8,-0.10699005156001097,0.0
3,max_mcc,9,-0.020833333333333332,-0.020833333333333332
3,max_mcc,10,,
3,max_mcc,11,0.06189844605901729,0.030949223029508643
3,max_mcc,12,,
3,max_mcc,13,-0.23461413728905264,-0.23461413728905264
3,max_mcc,14,,
3,max_phi,1,0.040614777080541176,0.040614777080541176
3,max_phi,2,0.03179815003744466,0.03034175227735256
3,max_phi,3,,
3,max_phi,4,-0.031750031750047626,-0.031750031750047626
3,max_phi,5,-0.0549406014493753,-0.0549406014493753
3,max_phi,6,-0.09101978021212503,-0.09101978021212503
3,max_phi,7,0.17400964856706186,0.17400964856706186
3,max_phi,8,0.10275852103165509,0.10275852103165509
3,max_phi,9,0.10812809954974786,0.10812809954974786
3,max_phi,10,,
3,max_phi,11,-0.06376804093660592,-0.06376804093660592
3,max_phi,12,,
3,max_phi,13,-0.17407765595569782,-0.17407765595569782
3,max_phi,14,,
3,max_lapse_recall,1,0.04852227237855603,-0.03488070271985463
3,max_lapse_recall,2,0.08105784100371899,0.08105784100371899
3,max_lapse_recall,3,,
3,max_lapse_recall,4,-0.07018624063435963,-0.2982749931359468
3,max_lapse_recall,5,0.09325588711912385,0.04285343477010711
3,max_lapse_recall,6,-0.125917218386151,-0.16597724626916918
3,max_lapse_recall,7,-0.07108685405730217,-0.035543427028651084
3,max_lapse_recall,8,-0.10699005156001097,0.0
3,max_lapse_recall,9,-0.020833333333333332,-0.020833333333333332
3,max_lapse_recall,10,,
3,max_lapse_recall,11,0.06189844605901729,0.030949223029508643
3,max_lapse_recall,12,,
3,max_lapse_recall,13,-0.23461413728905264,-0.23461413728905264
3,max_lapse_recall,14,,
4,knee_point,1,0.09169393215422907,0.0
4,knee_point,2,0.0,0.0
4,knee_point,3,,
4,knee_point,4,-0.20495609570554651,-0.2831896879219572
4,knee_point,5,-0.040319079676513665,-0.04643169697643147
4,knee_point,6,-0.005901476940896585,-0.005901476940896585
4,knee_point,7,0.050186297765042895,0.0827586274996919
4,knee_point,8,0.18657918580858354,0.18657918580858354
4,knee_point,9,0.0,0.0
4,knee_point,10,,
4,knee_point,11,0.008683295340783298,0.008683295340783298
4,knee_point,12,,
4,knee_point,13,0.01547372224592534,0.3476767476825577
4,knee_point,14,,
4,max_mcc,1,0.0349447673810821,0.0
4,max_mcc,2,-0.06655173820620852,0.0
4,max_mcc,3,,
4,max_mcc,4,0.14530954842977412,-0.0215365246126974
4,max_mcc,5,0.005340039888110923,0.0
4,max_mcc,6,-0.12393101575882827,0.0
4,max_mcc,7,0.44053527823053257,0.0
4,max_mcc,8,0.18270194516516758,0.0
4,max_mcc,9,-0.025125945381480302,-0.03125
4,max_mcc,10,,
4,max_mcc,11,0.20644622815064484,0.1519708244023033
4,max_mcc,12,,
4,max_mcc,13,-0.3066937372047406,0.0
4,max_mcc,14,,
4,max_phi,1,0.09169393215422907,0.09169393215422907
4,max_phi,2,0.03179815003744466,0.03034175227735256
4,max_phi,3,,
4,max_phi,4,-0.2983496562512806,-0.2983496562512806
4,max_phi,5,-0.01321356237390039,-0.01321356237390039
4,max_phi,6,-0.07743083325784773,-0.07127976658704265
4,max_phi,7,0.05724865568334513,0.05724865568334513
4,max_phi,8,0.08685104172245639,0.08685104172245639
4,max_phi,9,0.14350946197048195,0.14350946197048195
4,max_phi,10,,
4,max_phi,11,-0.09480257123538013,-0.05708076219689564
4,max_phi,12,,
4,max_phi,13,-0.23028309323591914,-0.23028309323591914
4,max_phi,14,,
4,max_lapse_recall,1,0.04852227237855603,-0.03488070271985463
4,max_lapse_recall,2,0.08105784100371899,0.08105784100371899
4,max_lapse_recall,3,,
4,max_lapse_recall,4,-0.07018624063435963,-0.2982749931359468
4,max_lapse_recall,5,0.09325588711912385,0.04285343477010711
4,max_lapse_recall,6,-0.125917218386151,-0.16597724626916918
4,max_lapse_recall,7,-0.07108685405730217,-0.035543427028651084
4,max_lapse_recall,8,-0.10699005156001097,0.0
4,max_lapse_recall,9,-0.020833333333333332,-0.020833333333333332
4,max_lapse_recall,10,,
4,max_lapse_recall,11,0.06189844605901729,0.030949223029508643
4,max_lapse_recall,12,,
4,max_lapse_recall,13,-0.23461413728905264,-0.23461413728905264
4,max_lapse_recall,14,,
