feature,mi_raw,mi_normalized
eeg_Fz_delta,0.07027005968509537,0.044084505109279304
eeg_Fz_theta,0.02643597952130894,0.015620763033663998
eeg_Fz_alpha,0.08032219933168538,0.0561036943666231
eeg_Fz_beta,0.02815440362087851,0.059194716159129745
eeg_Fz_gamma,0.038223069117569564,0.07455262405395313
eeg_Fz_theta_alpha_ratio,0.01480804863792029,0.062425707096472216
eeg_Fz_slow_fast_ratio,0.08008964647579564,0.05067042485030271
eeg_Cz_delta,0.05699625738359204,0.052750643733212144
eeg_Cz_theta,0.042367320403736475,0.050176617044661365
eeg_Cz_alpha,0.04487411614582926,0.04977700126383233
eeg_Cz_beta,0.04529048839984062,0.07822664905754562
eeg_Cz_gamma,0.038376302374077076,0.05636551869047346
eeg_Cz_theta_alpha_ratio,0.018420441897856188,0.0688718743265726
eeg_Cz_slow_fast_ratio,0.00663732679887219,0.03732895388610413
eeg_C3_delta,0.030040185934989916,0.043867785851339214
eeg_C3_theta,0.02371120396826898,0.0035402497786476417
eeg_C3_alpha,0.06798866181526253,0.07743820999586903
eeg_C3_beta,0.04806328312150576,0.04487199417406185
eeg_C3_gamma,0.05843977365280417,0.09098301436746858
eeg_C3_theta_alpha_ratio,0.0,0.055741154608790255
eeg_C3_slow_fast_ratio,0.041183608313693165,0.015608018296466186
eeg_C4_delta,0.01567544552297573,0.035549306811813564
eeg_C4_theta,0.0391059565423002,0.0306103308246517
eeg_C4_alpha,0.005456970711384512,0.03791925805716656
eeg_C4_beta,0.02034201882083253,0.040012875115939206
eeg_C4_gamma,0.014410267773263596,0.07060648169459394
eeg_C4_theta_alpha_ratio,0.0,0.035221849434006414
eeg_C4_slow_fast_ratio,0.0,0.015514523824892157
eeg_Pz_delta,0.04545176562152475,0.0482562291109947
eeg_Pz_theta,0.03622482704547836,0.02516138429670245
eeg_Pz_alpha,0.039824234152828764,0.0628251353960052
eeg_Pz_beta,0.047920765933061826,0.08068391049597268
eeg_Pz_gamma,0.06834304830967897,0.07315538098608454
eeg_Pz_theta_alpha_ratio,0.007033975293786243,0.03063047360513038
eeg_Pz_slow_fast_ratio,0.031053702537538808,0.042203369367567856
eogv_std,0.08122200940277535,0.10180506864741834
eogv_zcr,0.07193542043386936,0.05306339018600492
eogh_std,0.04344453165667739,0.046697573948623505
eogh_zcr,0.0710316237102151,0.08817726936748227
emg_rms,0.032343196906788885,0.11719294309929174
emg_std,0.02447463739099054,0.10941476360262103
ecg_hr_bpm,0.09835229619974273,0.0743633919592408
ecg_rr_sdnn_ms,0.053390415648702394,0.030306982831914464
