trial,model_family,param_scaler,param_imbalance,param_model_family,mcc,phi,lapse_recall,param_lgb_n_estimators,param_lgb_num_leaves,param_lgb_lr,param_logreg_class_weight,param_lr_C,param_lr_penalty,param_dtree_class_weight,param_dt_max_depth,param_dt_min_samples_split,param_rforest_class_weight,param_rf_n_estimators,param_rf_max_depth,param_xgb_n_estimators,param_xgb_max_depth,param_xgb_lr,param_extratrees_class_weight,param_et_n_estimators,param_et_max_depth,param_mlp_units,param_mlp_alpha
0,nb,standard,smote,nb,-0.009623716787959397,0.37846183428595553,0.059706558061821215,,,,,,,,,,,,,,,,,,,,
1,lightgbm,none,smote,lightgbm,0.0797738972187325,0.15737659753429742,0.1423611111111111,90.0,95.0,0.430707435868496,,,,,,,,,,,,,,,,,
2,logreg,standard,smote,logreg,-0.042673465465944325,0.2293873697268601,0.11346073517126148,,,,False,0.02614805032593475,l2,,,,,,,,,,,,,,
3,dtree,minmax,none,dtree,0.12111575048029051,0.24647217424465573,0.5774331662489557,,,,,,,True,3.0,6.0,,,,,,,,,,,
4,logreg,none,none,logreg,-0.054711405164450055,0.08770363743675859,0.362938596491228,,,,True,2.5589328765085293,l2,,,,,,,,,,,,,,
5,rforest,standard,smote,rforest,-0.0022538519835622515,0.1777162995664486,0.047619047619047616,,,,,,,,,,True,195.0,16.0,,,,,,,,
6,xgboost,robust,none,xgboost,0.023410981497398047,-0.04558057222919642,0.015873015873015872,,,,,,,,,,,,,28.0,3.0,0.09379059887679442,,,,,
7,extratrees,robust,none,extratrees,-0.06747926620805832,0.03389702082786728,0.07725041771094403,,,,,,,,,,,,,,,,True,81.0,4.0,,
8,nb,none,smote,nb,0.0031376290679470675,0.3627008547376813,0.07012322472848788,,,,,,,,,,,,,,,,,,,,
9,dtree,minmax,smote,dtree,0.07591859999842367,0.63179687674951,0.2974885129490393,,,,,,,True,18.0,7.0,,,,,,,,,,,
10,rforest,minmax,none,rforest,-0.01748113147101708,0.1497670559458327,0.0,,,,,,,,,,True,154.0,7.0,,,,,,,,
11,lightgbm,none,smote,lightgbm,0.07132379115908359,0.15046502065529807,0.15823412698412698,113.0,21.0,0.43597764318068316,,,,,,,,,,,,,,,,,
12,nb,none,smote,nb,0.0031376290679470675,0.3627008547376813,0.07012322472848788,,,,,,,,,,,,,,,,,,,,
13,logreg,standard,smote,logreg,0.0,0.0,0.0,,,,True,0.0023452491185105735,l1,,,,,,,,,,,,,,
14,lightgbm,none,none,lightgbm,-0.019192259055848444,-0.06239471308237246,0.0,32.0,14.0,0.028456745020578864,,,,,,,,,,,,,,,,,
15,logreg,robust,none,logreg,-0.05924513708609618,0.2733736174936003,0.16938178780284044,,,,True,0.151979643284996,l2,,,,,,,,,,,,,,
16,xgboost,none,none,xgboost,0.0,-0.02211749661107396,0.0,,,,,,,,,,,,,69.0,9.0,0.00258930631573819,,,,,
17,xgboost,minmax,smote,xgboost,0.07030743376072256,0.028373263875932198,0.3462301587301588,,,,,,,,,,,,,28.0,5.0,0.0100916854365721,,,,,
18,nb,none,smote,nb,0.0031376290679470675,0.3627008547376813,0.07012322472848788,,,,,,,,,,,,,,,,,,,,
19,dtree,minmax,smote,dtree,0.04926760209583786,0.5968526641081392,0.23945279866332495,,,,,,,True,12.0,13.0,,,,,,,,,,,
20,nb,minmax,smote,nb,-0.00953533509149814,0.376141451459085,0.059706558061821215,,,,,,,,,,,,,,,,,,,,
21,mlp,minmax,smote,mlp,-0.014196008613423322,0.3099302477681552,0.09262740183792816,,,,,,,,,,,,,,,,,,,32,0.0033933065604057175
22,xgboost,none,smote,xgboost,0.0506621481264119,0.022313574707323272,0.1956192564745196,,,,,,,,,,,,,104.0,9.0,0.002921605596678022,,,,,
23,dtree,minmax,none,dtree,0.003028643523406612,0.2533831012698628,0.2903613199665831,,,,,,,False,10.0,14.0,,,,,,,,,,,
24,dtree,standard,smote,dtree,0.045941001453084516,0.44267355576965856,0.30777464494569756,,,,,,,True,6.0,6.0,,,,,,,,,,,
25,logreg,none,smote,logreg,-0.08472813238847464,0.11463604789409078,0.29547827903091056,,,,False,31.882644517903802,l2,,,,,,,,,,,,,,
26,dtree,minmax,smote,dtree,0.07375429234363072,0.6256871387387334,0.32589285714285715,,,,,,,False,19.0,18.0,,,,,,,,,,,
27,extratrees,none,smote,extratrees,-0.029960723483364732,0.1294203900681068,0.05263157894736842,,,,,,,,,,,,,,,,False,142.0,15.0,,
28,logreg,none,smote,logreg,-0.08186340957685172,0.11313935742328766,0.29547827903091056,,,,True,2.8498271447238555,l2,,,,,,,,,,,,,,
29,lightgbm,robust,smote,lightgbm,0.07228548181761346,0.06397650511213838,0.3346908939014202,120.0,65.0,0.005367596845649827,,,,,,,,,,,,,,,,,
30,xgboost,none,smote,xgboost,0.08916713758088786,0.06360789639803098,0.24819862155388472,,,,,,,,,,,,,27.0,8.0,0.03528960802582532,,,,,
31,dtree,minmax,none,dtree,-0.03415691785057596,0.2326540294678974,0.23827798663324976,,,,,,,False,20.0,19.0,,,,,,,,,,,
32,dtree,minmax,smote,dtree,-0.0620458502533496,0.3334781159212789,0.19047619047619047,,,,,,,False,4.0,5.0,,,,,,,,,,,
33,dtree,none,none,dtree,0.001278933830584389,-0.08830984430188753,0.017543859649122806,,,,,,,False,2.0,9.0,,,,,,,,,,,
34,logreg,none,smote,logreg,-0.057547290027186455,0.1012844669661717,0.27960526315789475,,,,True,0.09413678283199305,l2,,,,,,,,,,,,,,
35,dtree,minmax,smote,dtree,0.08004242223935014,0.6051570122169821,0.35056390977443613,,,,,,,True,13.0,15.0,,,,,,,,,,,
36,nb,minmax,none,nb,0.004711638725895528,0.37310544884883773,0.1326232247284879,,,,,,,,,,,,,,,,,,,,
37,lightgbm,none,smote,lightgbm,0.08201206511433613,0.13140475385655873,0.14781746031746032,149.0,45.0,0.2921499087047859,,,,,,,,,,,,,,,,,
38,lightgbm,minmax,smote,lightgbm,0.05499216466320902,0.031344599152370756,0.28540100250626566,150.0,52.0,0.0016877639423904525,,,,,,,,,,,,,,,,,
39,mlp,minmax,smote,mlp,-0.01595906946511773,0.3173230464433972,0.09262740183792816,,,,,,,,,,,,,,,,,,,32,0.000666514074139731
40,dtree,minmax,smote,dtree,0.05565179390940709,0.6007983288065967,0.22023809523809523,,,,,,,False,16.0,20.0,,,,,,,,,,,
41,dtree,minmax,smote,dtree,0.06142194287964326,0.46610950142333546,0.2870718462823726,,,,,,,False,7.0,13.0,,,,,,,,,,,
42,dtree,minmax,smote,dtree,0.07487261244012153,0.49583001561496093,0.2974885129490393,,,,,,,False,8.0,10.0,,,,,,,,,,,
43,dtree,robust,none,dtree,0.017457856332653534,0.46342794891449035,0.21626984126984128,,,,,,,True,8.0,11.0,,,,,,,,,,,
44,logreg,minmax,smote,logreg,-0.027433739443503215,0.26335896798138964,0.13429406850459483,,,,True,3.00283493427869,l2,,,,,,,,,,,,,,
45,logreg,none,none,logreg,-0.05372901374014009,0.08408574949804444,0.362938596491228,,,,True,4.673528658944621,l1,,,,,,,,,,,,,,
46,lightgbm,minmax,smote,lightgbm,0.07402584436713579,0.04924336878079908,0.28540100250626566,32.0,84.0,0.011407926955881945,,,,,,,,,,,,,,,,,
47,nb,minmax,smote,nb,-0.00953533509149814,0.376141451459085,0.059706558061821215,,,,,,,,,,,,,,,,,,,,
48,dtree,minmax,none,dtree,-0.03091222501474415,0.23877134493413557,0.23827798663324976,,,,,,,False,18.0,17.0,,,,,,,,,,,
49,dtree,minmax,smote,dtree,0.081498795843324,0.49046906999480105,0.3451075605680869,,,,,,,False,8.0,13.0,,,,,,,,,,,
50,dtree,standard,smote,dtree,0.0065879317924655385,0.4070422699672222,0.28694131161236425,,,,,,,True,5.0,6.0,,,,,,,,,,,
51,dtree,minmax,smote,dtree,0.03853562585024663,0.5389349834444939,0.26240079365079366,,,,,,,False,10.0,18.0,,,,,,,,,,,
52,xgboost,none,smote,xgboost,0.05796764321195791,0.09668274881686408,0.21298036758563077,,,,,,,,,,,,,183.0,6.0,0.01371772690403408,,,,,
53,dtree,none,smote,dtree,-0.028676076591020647,0.38884684596311586,0.13150062656641603,,,,,,,True,19.0,12.0,,,,,,,,,,,
54,xgboost,none,smote,xgboost,0.04980541506299316,0.11803356286153116,0.13194444444444445,,,,,,,,,,,,,81.0,8.0,0.27027834117069166,,,,,
55,xgboost,minmax,smote,xgboost,0.04412031545319995,0.036902979713713015,0.25464703425229746,,,,,,,,,,,,,142.0,10.0,0.0026603627243879913,,,,,
56,dtree,minmax,none,dtree,0.0012862693723250107,0.24636737455051405,0.2903613199665831,,,,,,,False,16.0,14.0,,,,,,,,,,,
57,lightgbm,minmax,smote,lightgbm,0.04866639246245149,0.1192028237373916,0.10019841269841269,69.0,43.0,0.29267179194454374,,,,,,,,,,,,,,,,,
58,xgboost,minmax,smote,xgboost,0.056284177486609216,0.09385998391720969,0.10019841269841269,,,,,,,,,,,,,196.0,8.0,0.4626579898980211,,,,,
59,xgboost,none,none,xgboost,0.05123758145950422,0.0017917475113077613,0.05803571428571428,,,,,,,,,,,,,108.0,3.0,0.3890771468738241,,,,,
60,dtree,robust,none,dtree,-0.047279891058240514,0.1646776436900474,0.0805921052631579,,,,,,,True,2.0,10.0,,,,,,,,,,,
61,dtree,standard,smote,dtree,-0.0071685310149886446,0.2481900121654678,0.18501984126984128,,,,,,,True,3.0,12.0,,,,,,,,,,,
62,dtree,robust,smote,dtree,0.10875627384951769,0.5023182263532439,0.2306547619047619,,,,,,,True,10.0,4.0,,,,,,,,,,,
63,logreg,none,smote,logreg,-0.057547290027186455,0.10145814378665953,0.27960526315789475,,,,False,0.10229484687939117,l2,,,,,,,,,,,,,,
64,nb,minmax,none,nb,0.004711638725895528,0.37310544884883773,0.1326232247284879,,,,,,,,,,,,,,,,,,,,
65,xgboost,none,none,xgboost,0.04915609016523372,-0.045914238109648176,0.07936507936507936,,,,,,,,,,,,,81.0,3.0,0.09883484208563473,,,,,
66,xgboost,none,smote,xgboost,0.07461874319071507,0.08647496505142299,0.23827798663324976,,,,,,,,,,,,,23.0,7.0,0.07648493092446122,,,,,
67,nb,minmax,smote,nb,-0.00953533509149814,0.376141451459085,0.059706558061821215,,,,,,,,,,,,,,,,,,,,
68,dtree,robust,smote,dtree,0.10410005845940518,0.5340795247784484,0.2306547619047619,,,,,,,False,15.0,6.0,,,,,,,,,,,
69,dtree,minmax,none,dtree,0.027898892953341373,0.22926869161283073,0.2427422723475355,,,,,,,False,7.0,10.0,,,,,,,,,,,
70,dtree,none,none,dtree,0.055826959524506135,0.45905967061832786,0.212484335839599,,,,,,,True,10.0,15.0,,,,,,,,,,,
71,logreg,minmax,none,logreg,0.0,0.0,0.0,,,,False,0.0031296140712697347,l1,,,,,,,,,,,,,,
72,dtree,minmax,none,dtree,-0.08226699434929596,0.05118259061007465,0.09690893901420217,,,,,,,False,4.0,10.0,,,,,,,,,,,
73,dtree,robust,none,dtree,0.06378497272597121,0.5501651447163963,0.25464703425229746,,,,,,,True,14.0,16.0,,,,,,,,,,,
74,lightgbm,robust,none,lightgbm,-0.022488716919783183,-0.05856490144244512,0.0,136.0,48.0,0.007785375538218126,,,,,,,,,,,,,,,,,
75,rforest,standard,none,rforest,-0.018070663746488903,-0.11034667705389396,0.0,,,,,,,,,,False,34.0,15.0,,,,,,,,
76,dtree,minmax,smote,dtree,0.06404033979768899,0.6292252407117406,0.26574248120300753,,,,,,,False,19.0,7.0,,,,,,,,,,,
77,dtree,minmax,none,dtree,-0.03415691785057596,0.2326540294678974,0.23827798663324976,,,,,,,False,15.0,19.0,,,,,,,,,,,
78,dtree,standard,none,dtree,0.017063031946185043,0.5170894400149416,0.19214703425229743,,,,,,,True,12.0,8.0,,,,,,,,,,,
79,dtree,minmax,smote,dtree,0.0760937720397007,0.6284669045818364,0.2974885129490393,,,,,,,False,17.0,2.0,,,,,,,,,,,
80,dtree,minmax,none,dtree,0.0018537017836474101,0.22938388895676307,0.2903613199665831,,,,,,,False,8.0,20.0,,,,,,,,,,,
81,logreg,none,smote,logreg,-0.08472813238847464,0.11462895258647425,0.29547827903091056,,,,True,27.848253089230177,l2,,,,,,,,,,,,,,
82,xgboost,minmax,none,xgboost,-0.002488177461483015,-0.06435597731104406,0.031746031746031744,,,,,,,,,,,,,132.0,10.0,0.03817592031231243,,,,,
83,dtree,minmax,smote,dtree,-0.02030268247330719,0.4125966268356658,0.21676587301587302,,,,,,,True,5.0,14.0,,,,,,,,,,,
84,xgboost,minmax,none,xgboost,0.01189787325978333,-0.0003037222752866257,0.015873015873015872,,,,,,,,,,,,,113.0,6.0,0.28923753438257954,,,,,
85,dtree,none,none,dtree,0.061833631648550456,0.3106589147286821,0.3320279866332498,,,,,,,False,13.0,5.0,,,,,,,,,,,
86,dtree,minmax,none,dtree,-0.03203822487979277,0.22283920798646928,0.23827798663324976,,,,,,,False,15.0,20.0,,,,,,,,,,,
87,dtree,minmax,smote,dtree,0.08175087999728908,0.6468397336652715,0.2974885129490393,,,,,,,False,19.0,12.0,,,,,,,,,,,
88,dtree,minmax,smote,dtree,0.06739366058948039,0.662152542356696,0.2766551796157059,,,,,,,True,18.0,4.0,,,,,,,,,,,
89,dtree,minmax,smote,dtree,0.06332181463284288,0.5714307653993305,0.30294486215538846,,,,,,,False,11.0,15.0,,,,,,,,,,,
90,xgboost,minmax,smote,xgboost,0.10006621690918815,0.02155295032574686,0.3851033834586466,,,,,,,,,,,,,144.0,7.0,0.001379448476619085,,,,,
91,dtree,robust,smote,dtree,0.11525110476518417,0.559844843478449,0.26240079365079366,,,,,,,False,17.0,4.0,,,,,,,,,,,
92,dtree,none,smote,dtree,0.035981182483423774,0.3241739430151509,0.2723736424394319,,,,,,,False,7.0,19.0,,,,,,,,,,,
93,dtree,standard,smote,dtree,0.0939628287773529,0.6050367823107201,0.3221595655806182,,,,,,,False,16.0,19.0,,,,,,,,,,,
94,dtree,minmax,smote,dtree,0.04949345909972112,0.5293945402843808,0.25532581453634084,,,,,,,False,9.0,7.0,,,,,,,,,,,
95,dtree,minmax,smote,dtree,0.10146878356209399,0.6316028065997715,0.31547619047619047,,,,,,,False,20.0,20.0,,,,,,,,,,,
96,dtree,minmax,smote,dtree,0.04926760209583786,0.5968526641081392,0.23945279866332495,,,,,,,True,12.0,13.0,,,,,,,,,,,
97,dtree,minmax,smote,dtree,0.0955935705475965,0.6262947422933475,0.30294486215538846,,,,,,,False,15.0,7.0,,,,,,,,,,,
98,xgboost,robust,smote,xgboost,0.058259160173068036,0.08211316461223646,0.12815893901420217,,,,,,,,,,,,,177.0,6.0,0.030388493387513357,,,,,
99,extratrees,none,smote,extratrees,-0.0865177273171462,0.02874686732036869,0.07725041771094403,,,,,,,,,,,,,,,,True,98.0,3.0,,
