noise_seed,seed,rule,fresh3fold_mcc,loso_pooled_mcc,loso_per_subject_mcc,sdt_mcc
0,0,knee_point,0.019145038515708847,-0.002407395474641834,-0.003523341772011307,-0.047979364677062354
0,0,max_mcc,0.005227707182137377,-0.05927543065936868,-0.04078780583920105,-0.008191058778347596
0,0,max_phi,0.019145038515708847,-0.002407395474641834,-0.003523341772011307,-0.047979364677062354
0,0,max_lapse_recall,0.03923175424278131,-0.006583445560004953,0.001999768809716583,0.035918853535486205
0,1,knee_point,0.029607446740976325,-0.009698355695178525,0.0014250126475169316,-0.026583543953739755
0,1,max_mcc,0.012307767652560213,-0.07024656649317147,-0.0369498727431131,-0.020239290730264484
0,1,max_phi,0.03315406491798641,0.001793107230377258,-0.0032064984938044204,0.0017775371927328649
0,1,max_lapse_recall,0.015142160423202128,-0.046484729030250437,0.007594889369875626,-0.02889168293797119
0,2,knee_point,-0.012929734220597377,-0.01190941448334932,0.016386270877361823,-0.005449651391410285
0,2,max_mcc,0.025611103839654814,-0.00277920019558546,0.008295928545062219,0.034540264033290705
0,2,max_phi,-0.012929734220597377,-0.01190941448334932,0.016386270877361823,-0.005449651391410285
0,2,max_lapse_recall,0.025611103839654814,-0.00277920019558546,0.008295928545062219,0.034540264033290705
0,3,knee_point,0.005860786770008249,0.029077641192012154,0.04058683578616808,0.01601213624148821
0,3,max_mcc,0.015577602064581836,-0.01179852691756919,0.024510690019290408,-0.05113022579195394
0,3,max_phi,0.006389449945536916,0.0024026089542069948,0.053166050021695145,0.02507002230392856
0,3,max_lapse_recall,0.015577602064581836,-0.01179852691756919,0.024510690019290408,-0.05113022579195394
0,4,knee_point,-0.0009070592620155043,-0.048838018559518706,-0.024003346685936178,0.02521819581546023
0,4,max_mcc,0.0020671955220854382,-0.03209201214610415,-0.024112339984645785,-0.03808668733027031
0,4,max_phi,-0.010691067218845,0.013416511977069846,0.06258322350603497,0.009772011764457833
0,4,max_lapse_recall,0.015577602064581836,-0.01179852691756919,0.024510690019290408,-0.031643031810635276
1,0,knee_point,0.009875374433163229,-0.0388473048647539,-0.023410191439083145,-0.0384370543229807
1,0,max_mcc,-0.021943614217757375,-0.04093267524299682,-0.008849523279775194,-0.026853176420635297
1,0,max_phi,0.009875374433163229,-0.0388473048647539,-0.023410191439083145,-0.0384370543229807
1,0,max_lapse_recall,0.018262273575362184,-0.0645899671600343,-0.035276021202613375,-0.04854718917962193
1,1,knee_point,0.020503913380401625,-0.04261712638879502,-0.022388951160371522,-0.04481827875144372
1,1,max_mcc,-0.014943390159404855,-0.05977638288878865,-0.029215530266647704,-0.0309959701555414
1,1,max_phi,0.007303391625442312,-0.03890840444116918,-0.02384868245263418,-0.04481827875144372
1,1,max_lapse_recall,-0.0629256680541983,-0.06552995367704406,-0.03135402943503044,0.009814711145325474
1,2,knee_point,-0.025870644859977174,-0.05435861879188421,-0.014646868243303936,-0.013976035315907338
1,2,max_mcc,-0.01628991269847324,-0.027682609583843536,-0.002215281970358209,-0.012718867558018704
1,2,max_phi,-0.025870644859977174,-0.05435861879188421,-0.014646868243303936,-0.013976035315907338
1,2,max_lapse_recall,-0.01628991269847324,-0.027682609583843536,-0.002215281970358209,-0.012718867558018704
1,3,knee_point,-0.005442121189875255,-0.03329449093866774,-0.012535159318703854,-0.015025481365157254
1,3,max_mcc,-0.0600074196816993,-0.008068206139393191,0.03444626202794333,-0.027700513161403362
1,3,max_phi,-0.048773701102856885,-0.025189521147164908,0.0106619508677035,-0.04453823846305966
1,3,max_lapse_recall,-0.0600074196816993,-0.008068206139393191,0.03444626202794333,-0.027700513161403362
1,4,knee_point,-0.005049615787819996,-0.0393180969607384,0.006770370693487631,-0.023901726912359318
1,4,max_mcc,-0.053852481207805364,-0.08557244105487076,-0.045950659704345684,0.040286352492366555
1,4,max_phi,-0.015927349665800866,-0.048780288582808466,-0.0032539989610536,0.008793120894165144
1,4,max_lapse_recall,-0.0600074196816993,-0.0039030934665764266,0.03437993508982557,-0.03424652608600064
2,0,knee_point,-0.04042564225722399,-0.04032229136941464,-0.020254120597289257,-0.03064141762743978
2,0,max_mcc,-0.002360175815710433,-0.0536272053659863,-0.012050184306308331,-0.035503353296248354
2,0,max_phi,-0.04042564225722399,-0.04032229136941464,-0.020254120597289257,-0.03064141762743978
2,0,max_lapse_recall,-0.02563076762760246,-0.03682224461048118,-0.01575150976307721,-0.013976035315907338
2,1,knee_point,0.0003273773261014759,-0.041647329458383425,-0.008852820454301783,-0.008791202846187743
2,1,max_mcc,-0.0005844156189812892,-0.019522394784852747,0.0125672183193406,-0.035503353296248354
2,1,max_phi,-0.010875551926612138,-0.03293946219565143,-0.023414262563602024,-0.008791202846187743
2,1,max_lapse_recall,-0.0031207345894876757,0.02539822933041984,0.04313840629138056,-0.0032497724127065336
2,2,knee_point,0.011623580612579565,-0.0037590904290243595,0.02040157310397886,-0.03321240758318716
2,2,max_mcc,-0.02452538699877583,-0.025493354215065406,-0.019382411877846804,-0.008577483559146285
2,2,max_phi,0.011623580612579565,-0.0037590904290243595,0.02040157310397886,-0.03321240758318716
2,2,max_lapse_recall,-0.02452538699877583,-0.025493354215065406,-0.019382411877846804,-0.008577483559146285
2,3,knee_point,-0.005677352542531657,-0.022621283931690044,0.007759230161471365,-0.026204001579714222
2,3,max_mcc,-0.010657667149720556,-0.11425250545352182,-0.028757385659788505,-0.01397229903944145
2,3,max_phi,0.021955003075489622,-0.012567479613058461,0.01027534066444025,-0.09492440411279031
2,3,max_lapse_recall,-0.010657667149720556,-0.11425250545352182,-0.028757385659788505,-0.01397229903944145
2,4,knee_point,0.006209721839228649,-0.013721167591027816,0.03581124446043483,-0.0395285679318795
2,4,max_mcc,-0.028509890011364773,-0.012608635315739072,0.02349835297432127,-0.03468465191899728
2,4,max_phi,0.01683439330493228,-0.004803724148042848,0.018015737672210853,-0.03321240758318716
2,4,max_lapse_recall,-0.010657667149720556,-0.11425250545352182,-0.028757385659788505,-0.01397229903944145
3,0,knee_point,-0.04515359410646181,-0.03157594049641282,0.0006236599255620065,0.07059538611074165
3,0,max_mcc,-0.023184612622349866,-0.06515183852342751,-0.044019564360690065,0.01968146196180229
3,0,max_phi,-0.04515359410646181,-0.03157594049641282,0.0006236599255620065,0.07059538611074165
3,0,max_lapse_recall,-0.036469519457782686,-0.07567305390996464,-0.03310823265345133,0.08517198258008589
3,1,knee_point,-0.04536377569674905,-0.05679949990605559,-0.007165733932053981,0.05665552926658601
3,1,max_mcc,-0.034729746853798815,-0.04279714950700141,-0.002704624742843287,0.02622722414128228
3,1,max_phi,-0.046814927411159904,-0.05299205230817351,-0.01265415664001381,0.05665552926658601
3,1,max_lapse_recall,-0.053946390648085006,-0.04352405246133057,-0.042595988344216,-0.02940970674028867
3,2,knee_point,-0.008764654523615488,-0.0012785987285669315,-0.007577714924090065,-0.00702526951774547
3,2,max_mcc,-0.02853008263435118,-0.044429174144190474,-0.012394482943756318,0.034846176712962404
3,2,max_phi,-0.008764654523615488,-0.0012785987285669315,-0.007577714924090065,-0.00702526951774547
3,2,max_lapse_recall,-0.02853008263435118,-0.044429174144190474,-0.012394482943756318,0.034846176712962404
3,3,knee_point,-0.02126891598921291,0.02142727492144064,0.028260661614359417,-0.00702526951774547
3,3,max_mcc,0.0025637870223499093,0.006016481823847814,-0.021755985346841568,0.07066410611605066
3,3,max_phi,-0.020666176318133753,0.009061204144145935,0.03414892946846072,-0.0028272197237813445
3,3,max_lapse_recall,0.0025637870223499093,0.006016481823847814,-0.021755985346841568,0.07066410611605066
3,4,knee_point,-0.025584973027226655,-0.06182045441772102,-0.023794674595996858,0.027349699839795755
3,4,max_mcc,-0.039667205160072515,-0.05195819198897715,-0.010984456396684153,0.052408003159428444
3,4,max_phi,-0.021219475576751492,-0.03000239123574822,-0.013851215154549526,-0.0028272197237813445
3,4,max_lapse_recall,0.0025637870223499093,0.006907244626608051,-0.019442261279927826,0.06618401960242475
4,0,knee_point,0.017289014208452816,-0.07227459577187884,-0.04891466976471615,-0.008581213826849185
4,0,max_mcc,-0.006035638527551397,-0.00555290590321143,0.025283572300672276,-0.0011437646487774842
4,0,max_phi,0.017289014208452816,-0.07227459577187884,-0.04891466976471615,-0.008581213826849185
4,0,max_lapse_recall,0.009484107708036522,-0.0414256600699212,-0.00027038435456659405,-0.012965000242076405
4,1,knee_point,0.002007565730728304,-0.04650281166982455,-0.009207195877255136,-0.020625022706637516
4,1,max_mcc,-0.007008731712622279,-0.020288032168410883,0.024999696680325704,0.022337696403781405
4,1,max_phi,0.0008686987582706222,-0.06455424277657382,-0.042041773948041594,-0.020625022706637516
4,1,max_lapse_recall,-0.01609794608995992,0.011665175488093902,0.065728767037436,0.039201977060484346
4,2,knee_point,0.005101786443742634,-0.03766104186710053,-0.038862389720463325,0.018150097366571857
4,2,max_mcc,0.025661370502860367,0.04213852656744444,0.04943241914292964,0.022950849350553384
4,2,max_phi,0.005101786443742634,-0.03766104186710053,-0.038862389720463325,0.018150097366571857
4,2,max_lapse_recall,0.025661370502860367,0.04213852656744444,0.04943241914292964,0.022950849350553384
4,3,knee_point,-0.034758527412091934,-0.03609094969695737,-0.01855114544456345,-0.018870488949443275
4,3,max_mcc,-0.007686078199130674,-0.1225648659820561,-0.034478764754354865,-0.15248418095288646
4,3,max_phi,-0.005789603920692673,-0.04356122438339993,-0.040793281395077,-0.020625022706637516
4,3,max_lapse_recall,-0.007686078199130674,-0.1225648659820561,-0.034478764754354865,-0.15248418095288646
4,4,knee_point,0.0057415808737486425,-0.003715019981576701,0.026896788452001573,0.019838206331466008
4,4,max_mcc,0.037859873165830164,0.002359401562075843,0.03965581209875849,0.056748117207362635
4,4,max_phi,-0.013168923783804685,-0.03195918347626649,-0.017428822335635023,0.003462595052939145
4,4,max_lapse_recall,-0.0067190444410497215,-0.1225648659820561,-0.034478764754354865,-0.15248418095288646
