trial,model_family,param_scaler,param_imbalance,param_model_family,param_mlp_units,param_mlp_alpha,mcc,phi,lapse_recall,param_dtree_class_weight,param_dt_max_depth,param_dt_min_samples_split,param_xgb_n_estimators,param_xgb_max_depth,param_xgb_lr,param_logreg_class_weight,param_lr_C,param_lr_penalty,param_rforest_class_weight,param_rf_n_estimators,param_rf_max_depth,param_lgb_n_estimators,param_lgb_num_leaves,param_lgb_lr,param_extratrees_class_weight,param_et_n_estimators,param_et_max_depth
0,mlp,standard,none,mlp,64,0.0017169565852473863,-0.0614717332467403,0.19649867393378692,0.0,,,,,,,,,,,,,,,,,,
1,dtree,robust,smote,dtree,,,0.11037888284023611,0.5060430407685345,0.19890873015873015,False,15.0,7.0,,,,,,,,,,,,,,,
2,xgboost,standard,none,xgboost,,,0.0,-0.00984181721889697,0.0,,,,23.0,8.0,0.0037254431214976337,,,,,,,,,,,,
3,logreg,robust,smote,logreg,,,-0.02298871377543771,0.34895104774954994,0.19238199665831246,,,,,,,True,0.856594344077982,l1,,,,,,,,,
4,mlp,standard,none,mlp,64,0.003067488059275999,-0.057961076542031274,0.200901761633587,0.0,,,,,,,,,,,,,,,,,,
5,logreg,standard,none,logreg,,,0.0,0.0,0.0,,,,,,,False,0.0011997926973420288,l1,,,,,,,,,
6,rforest,none,none,rforest,,,-0.023349867990145313,0.1769668993402939,0.0,,,,,,,,,,True,117.0,11.0,,,,,,
7,lightgbm,none,none,lightgbm,,,0.0,-0.012470728065538823,0.0,,,,,,,,,,,,,44.0,12.0,0.002125701834139734,,,
8,dtree,robust,none,dtree,,,0.046806067001275126,0.14386584047761083,0.2427422723475355,False,6.0,11.0,,,,,,,,,,,,,,,
9,extratrees,standard,smote,extratrees,,,-0.021409546017331357,0.12189871001111162,0.04383354218880534,,,,,,,,,,,,,,,,False,32.0,8.0
10,extratrees,minmax,smote,extratrees,,,-0.04345484580194552,0.07517071857549226,0.06304824561403509,,,,,,,,,,,,,,,,True,22.0,6.0
11,mlp,minmax,none,mlp,32,0.0010535342591809229,0.029419709631889352,-0.024054614175258154,0.0,,,,,,,,,,,,,,,,,,
12,extratrees,standard,smote,extratrees,,,-0.036945477712157504,0.07462221509914592,0.017543859649122806,,,,,,,,,,,,,,,,True,164.0,7.0
13,dtree,standard,smote,dtree,,,0.013187645954684017,0.22430671732678908,0.2623224728487887,True,2.0,20.0,,,,,,,,,,,,,,,
14,nb,standard,smote,nb,,,-0.009623716787959397,0.45830739497415,0.059706558061821215,,,,,,,,,,,,,,,,,,
15,rforest,none,none,rforest,,,-0.04583912451864839,0.17474606538667023,0.0,,,,,,,,,,True,139.0,7.0,,,,,,
16,dtree,standard,smote,dtree,,,0.11114271729080315,0.6625654738941599,0.3643222639933166,False,17.0,18.0,,,,,,,,,,,,,,,
17,rforest,none,none,rforest,,,0.024987280358082353,-0.1359569617562125,0.015873015873015872,,,,,,,,,,False,64.0,16.0,,,,,,
18,lightgbm,standard,none,lightgbm,,,-0.019192259055848444,-0.06227768468293119,0.0,,,,,,,,,,,,,162.0,9.0,0.007506622035425656,,,
19,logreg,none,none,logreg,,,-0.09448413702019266,0.061748253140699184,0.0,,,,,,,False,0.019290633682160756,l1,,,,,,,,,
20,xgboost,robust,none,xgboost,,,0.0,-0.014948015088258793,0.0,,,,84.0,2.0,0.0027095787542973826,,,,,,,,,,,,
21,extratrees,robust,none,extratrees,,,0.0,-0.041663106098135415,0.0,,,,,,,,,,,,,,,,False,112.0,6.0
22,extratrees,none,none,extratrees,,,0.0,-0.03021149156421211,0.0,,,,,,,,,,,,,,,,False,68.0,4.0
23,dtree,robust,smote,dtree,,,-0.009751648743145954,0.3842093798924467,0.2113617376775271,True,4.0,2.0,,,,,,,,,,,,,,,
24,extratrees,none,smote,extratrees,,,-0.05460604974103567,0.16560402835167295,0.015873015873015872,,,,,,,,,,,,,,,,True,20.0,18.0
25,rforest,minmax,smote,rforest,,,0.0009323687353146268,0.12459770817401829,0.13194444444444445,,,,,,,,,,False,167.0,5.0,,,,,,
26,lightgbm,robust,smote,lightgbm,,,0.06696470507668684,0.09200594344888478,0.16157581453634084,,,,,,,,,,,,,181.0,9.0,0.025644879164266395,,,
27,lightgbm,standard,smote,lightgbm,,,0.09346229391882997,0.1761405705353336,0.15823412698412698,,,,,,,,,,,,,87.0,94.0,0.337737791503473,,,
28,extratrees,standard,smote,extratrees,,,-0.06192340362996235,0.14941860434255624,0.015873015873015872,,,,,,,,,,,,,,,,False,61.0,13.0
29,dtree,robust,none,dtree,,,0.0064516225988543825,0.4202712054371802,0.25464703425229746,True,5.0,20.0,,,,,,,,,,,,,,,
30,mlp,standard,none,mlp,64,0.0002263768966222277,-0.058071815137641286,0.19906954982321842,0.0,,,,,,,,,,,,,,,,,,
31,lightgbm,standard,smote,lightgbm,,,0.059459678480177636,0.15809305659619058,0.13194444444444445,,,,,,,,,,,,,144.0,49.0,0.294433502894138,,,
32,nb,robust,none,nb,,,0.004711638725895528,0.42913353654921643,0.1326232247284879,,,,,,,,,,,,,,,,,,
33,dtree,minmax,none,dtree,,,-0.047279891058240514,0.20664205764840782,0.0805921052631579,True,2.0,4.0,,,,,,,,,,,,,,,
34,lightgbm,standard,smote,lightgbm,,,0.02972627293741513,0.01833852444585614,0.24801587301587302,,,,,,,,,,,,,42.0,98.0,0.00270013966062188,,,
35,dtree,standard,none,dtree,,,0.050694917837427134,0.4994943405603895,0.25464703425229746,True,10.0,16.0,,,,,,,,,,,,,,,
36,logreg,standard,none,logreg,,,0.0,0.0,0.0,,,,,,,True,0.0034699773780334374,l1,,,,,,,,,
37,lightgbm,none,none,lightgbm,,,0.04906652602635475,-0.0009343511703484401,0.07936507936507936,,,,,,,,,,,,,176.0,8.0,0.20977505936464447,,,
38,dtree,minmax,none,dtree,,,0.013243953744015454,0.2210549903100775,0.21595655806182124,False,13.0,9.0,,,,,,,,,,,,,,,
39,rforest,robust,none,rforest,,,-0.020758664248405816,0.1747487356104295,0.0,,,,,,,,,,True,100.0,16.0,,,,,,
40,dtree,minmax,none,dtree,,,0.03725872321288248,0.16819605943152452,0.2427422723475355,False,16.0,11.0,,,,,,,,,,,,,,,
41,lightgbm,standard,none,lightgbm,,,0.0,-0.004978154294239506,0.0,,,,,,,,,,,,,21.0,99.0,0.0016208741429887294,,,
42,xgboost,standard,none,xgboost,,,-0.012655090671276828,-0.03636517518582617,0.0,,,,95.0,8.0,0.011862187864064129,,,,,,,,,,,,
43,extratrees,minmax,smote,extratrees,,,-0.012817723186710024,0.10384907091111899,0.03508771929824561,,,,,,,,,,,,,,,,True,52.0,8.0
44,logreg,standard,none,logreg,,,-0.04549940995896901,0.08265444447009726,0.05921052631578947,,,,,,,False,3.067922454325607,l2,,,,,,,,,
45,extratrees,robust,none,extratrees,,,-0.04321344534454555,0.08585320460084755,0.017543859649122806,,,,,,,,,,,,,,,,True,189.0,8.0
46,rforest,none,none,rforest,,,-0.019192259055848444,0.1721306898035412,0.0,,,,,,,,,,True,131.0,13.0,,,,,,
47,lightgbm,robust,smote,lightgbm,,,0.09895240376837088,0.1267916519615638,0.24924289891395154,,,,,,,,,,,,,129.0,20.0,0.023737282308412697,,,
48,logreg,standard,smote,logreg,,,-0.012227399279314955,0.3218196145746946,0.22746971595655804,,,,,,,True,5.6964619636556435,l2,,,,,,,,,
49,xgboost,standard,none,xgboost,,,-0.001982969535420334,0.017889983732755698,0.031746031746031744,,,,155.0,5.0,0.14011802114327346,,,,,,,,,,,,
50,extratrees,robust,none,extratrees,,,0.0,-0.020626180304460225,0.0,,,,,,,,,,,,,,,,False,184.0,3.0
51,xgboost,robust,smote,xgboost,,,0.052898607194358856,0.058384130879706,0.16157581453634084,,,,160.0,6.0,0.026699063992868567,,,,,,,,,,,,
52,logreg,robust,none,logreg,,,-0.007511272350913987,0.0006186969265596951,0.06349206349206349,,,,,,,True,0.0035230156382542997,l1,,,,,,,,,
53,logreg,none,none,logreg,,,-0.07956453973574848,0.04451191700302833,0.0,,,,,,,False,0.0037066517281252893,l1,,,,,,,,,
54,xgboost,minmax,smote,xgboost,,,0.0316549432843178,0.04164044495903013,0.22835735171261487,,,,100.0,9.0,0.004835145363325732,,,,,,,,,,,,
55,mlp,minmax,none,mlp,32,0.0012923709414199187,0.028897038149308153,-0.021881966975275616,0.0,,,,,,,,,,,,,,,,,,
56,rforest,minmax,none,rforest,,,-0.024170750964307708,-0.13620359346822813,0.0,,,,,,,,,,False,145.0,13.0,,,,,,
57,nb,standard,smote,nb,,,-0.009623716787959397,0.45830739497415,0.059706558061821215,,,,,,,,,,,,,,,,,,
58,extratrees,standard,none,extratrees,,,0.0,-0.040952411800404,0.0,,,,,,,,,,,,,,,,False,108.0,6.0
59,rforest,robust,smote,rforest,,,-0.02959085645711849,0.19119377190868636,0.015873015873015872,,,,,,,,,,False,128.0,16.0,,,,,,
60,xgboost,minmax,none,xgboost,,,-0.018262710204472465,-0.04816379393220791,0.015873015873015872,,,,108.0,7.0,0.026489822565932252,,,,,,,,,,,,
61,mlp,robust,none,mlp,64_32,0.0029028002299697295,-0.04208233113233112,0.13497070544439935,0.017543859649122806,,,,,,,,,,,,,,,,,,
62,rforest,minmax,smote,rforest,,,0.017365209616818745,0.19642441042828254,0.06349206349206349,,,,,,,,,,False,150.0,10.0,,,,,,
63,rforest,standard,none,rforest,,,-0.018971234023153028,-0.11968600240214262,0.0,,,,,,,,,,False,75.0,8.0,,,,,,
64,logreg,minmax,none,logreg,,,-0.06444528680378867,0.20338052672150345,0.0800438596491228,,,,,,,True,1.2388071771165614,l2,,,,,,,,,
65,logreg,standard,none,logreg,,,-0.0406271531479819,0.1088554084748909,0.06466687552213868,,,,,,,False,2.7811620528850725,l1,,,,,,,,,
66,extratrees,standard,none,extratrees,,,-0.0062071679566220546,-0.07762758885452689,0.0,,,,,,,,,,,,,,,,False,177.0,17.0
67,logreg,minmax,none,logreg,,,0.0,0.0,0.0,,,,,,,False,0.009753577142942338,l1,,,,,,,,,
68,xgboost,minmax,none,xgboost,,,0.020165002287876193,-0.00199166522857683,0.047619047619047616,,,,103.0,7.0,0.1276961318350925,,,,,,,,,,,,
69,extratrees,robust,smote,extratrees,,,-0.027915497963413624,0.056846739981603424,0.050960735171261484,,,,,,,,,,,,,,,,False,61.0,5.0
70,extratrees,standard,smote,extratrees,,,-0.02914225054355515,0.06022462574054958,0.050960735171261484,,,,,,,,,,,,,,,,False,149.0,6.0
71,extratrees,standard,smote,extratrees,,,-0.05991070014352429,0.06838172211107284,0.048793859649122806,,,,,,,,,,,,,,,,False,42.0,6.0
72,nb,minmax,none,nb,,,0.004711638725895528,0.4375781659694032,0.1326232247284879,,,,,,,,,,,,,,,,,,
73,lightgbm,robust,smote,lightgbm,,,0.06727390377751132,0.11045338651347363,0.22673872180451127,,,,,,,,,,,,,163.0,67.0,0.011563282139603583,,,
74,nb,none,none,nb,,,-0.020972113789186324,0.3778446122649199,0.07012322472848788,,,,,,,,,,,,,,,,,,
75,mlp,robust,smote,mlp,64_32,0.0051752319103754935,-0.014455426465893595,0.3313433002793005,0.03508771929824561,,,,,,,,,,,,,,,,,,
76,logreg,none,none,logreg,,,0.03101679749382381,0.10185148080291566,0.37881161236424393,,,,,,,True,0.0018427353927619578,l2,,,,,,,,,
77,xgboost,standard,none,xgboost,,,0.0,-0.004501574330551681,0.0,,,,22.0,10.0,0.001802075842895192,,,,,,,,,,,,
78,logreg,none,none,logreg,,,0.004574995954191238,0.10940469658025702,0.362938596491228,,,,,,,True,0.04199442227953573,l2,,,,,,,,,
79,extratrees,none,none,extratrees,,,-0.010800561016621574,-0.07359651619156146,0.0,,,,,,,,,,,,,,,,False,164.0,17.0
80,lightgbm,robust,smote,lightgbm,,,0.01789723516212481,0.01744852201169698,0.2788220551378446,,,,,,,,,,,,,111.0,67.0,0.001996405388368109,,,
81,rforest,robust,smote,rforest,,,-0.016814154279108342,0.1843582431261509,0.02628968253968254,,,,,,,,,,False,58.0,8.0,,,,,,
82,mlp,standard,smote,mlp,64,1.5493529982491658e-05,-0.053293586790825465,0.36358174885320366,0.0,,,,,,,,,,,,,,,,,,
83,extratrees,standard,none,extratrees,,,-0.015246294413016323,0.10036296401359153,0.0,,,,,,,,,,,,,,,,True,165.0,18.0
84,lightgbm,minmax,smote,lightgbm,,,0.055577791827830965,0.1949575904632523,0.12648809523809523,,,,,,,,,,,,,195.0,20.0,0.050890810143490985,,,
85,xgboost,none,smote,xgboost,,,0.05472806714143571,0.14288692691633226,0.1122859231411863,,,,30.0,3.0,0.33415672689395265,,,,,,,,,,,,
86,lightgbm,minmax,smote,lightgbm,,,0.07935122774329993,0.09529461891026668,0.2799446532999164,,,,,,,,,,,,,161.0,20.0,0.004580633011970976,,,
87,extratrees,robust,smote,extratrees,,,-0.0004182193253542271,0.13768476868892493,0.03341687552213868,,,,,,,,,,,,,,,,True,141.0,15.0
88,nb,none,none,nb,,,-0.020972113789186324,0.3778446122649199,0.07012322472848788,,,,,,,,,,,,,,,,,,
89,dtree,minmax,smote,dtree,,,0.056456007454615535,0.6302455842506037,0.2619569757727653,True,14.0,5.0,,,,,,,,,,,,,,,
90,mlp,minmax,smote,mlp,64_32,0.02362070499737851,0.010283885283794819,0.2995872379999886,0.06962719298245613,,,,,,,,,,,,,,,,,,
91,logreg,robust,smote,logreg,,,-0.042789658778751176,0.3529876986126819,0.1660923141186299,,,,,,,True,16.993114988122255,l1,,,,,,,,,
92,lightgbm,minmax,none,lightgbm,,,0.08773195144857376,0.002567222800873742,0.08978174603174603,,,,,,,,,,,,,183.0,52.0,0.3589648803536935,,,
93,mlp,robust,smote,mlp,32,0.0002091520900343005,-0.03680183164997544,0.3212411880212193,0.03508771929824561,,,,,,,,,,,,,,,,,,
94,logreg,minmax,smote,logreg,,,-0.04058826172924287,0.24165620509335936,0.16442147034252297,,,,,,,True,3.578473863018744,l1,,,,,,,,,
95,nb,standard,none,nb,,,0.004711638725895528,0.4307272615976964,0.1326232247284879,,,,,,,,,,,,,,,,,,
96,nb,none,smote,nb,,,0.0031376290679470675,0.39937140452282477,0.07012322472848788,,,,,,,,,,,,,,,,,,
97,dtree,none,none,dtree,,,-0.047279891058240514,0.20664205764840782,0.0805921052631579,True,2.0,19.0,,,,,,,,,,,,,,,
98,mlp,none,smote,mlp,32,0.09095525905706503,-0.0175538774264162,0.3714621117906723,0.010416666666666666,,,,,,,,,,,,,,,,,,
99,rforest,standard,smote,rforest,,,0.012989317452261515,0.09400967238726936,0.25297619047619047,,,,,,,,,,False,27.0,3.0,,,,,,
