trial,model_family,param_scaler,param_imbalance,param_model_family,mcc,param_lgb_n_estimators,param_lgb_num_leaves,param_lgb_lr,param_logreg_class_weight,param_lr_C,param_lr_penalty,param_dtree_class_weight,param_dt_max_depth,param_dt_min_samples_split,param_rforest_class_weight,param_rf_n_estimators,param_rf_max_depth,param_xgb_n_estimators,param_xgb_max_depth,param_xgb_lr,param_extratrees_class_weight,param_et_n_estimators,param_et_max_depth,param_mlp_units,param_mlp_alpha
0,nb,standard,smote,nb,-0.009623716787959397,,,,,,,,,,,,,,,,,,,,
1,lightgbm,none,smote,lightgbm,0.0797738972187325,90.0,95.0,0.430707435868496,,,,,,,,,,,,,,,,,
2,logreg,standard,smote,logreg,-0.042673465465944325,,,,False,0.02614805032593475,l2,,,,,,,,,,,,,,
3,dtree,minmax,none,dtree,0.12111575048029051,,,,,,,True,3.0,6.0,,,,,,,,,,,
4,logreg,none,none,logreg,-0.054711405164450055,,,,True,2.5589328765085293,l2,,,,,,,,,,,,,,
5,rforest,standard,smote,rforest,-0.0022538519835622515,,,,,,,,,,True,195.0,16.0,,,,,,,,
6,xgboost,robust,none,xgboost,0.023410981497398047,,,,,,,,,,,,,28.0,3.0,0.09379059887679442,,,,,
7,extratrees,robust,none,extratrees,-0.06747926620805832,,,,,,,,,,,,,,,,True,81.0,4.0,,
8,nb,none,smote,nb,0.0031376290679470675,,,,,,,,,,,,,,,,,,,,
9,dtree,minmax,smote,dtree,0.07591859999842367,,,,,,,True,18.0,7.0,,,,,,,,,,,
10,dtree,minmax,none,dtree,0.001278933830584389,,,,,,,False,2.0,2.0,,,,,,,,,,,
11,lightgbm,none,smote,lightgbm,0.07000313870773378,79.0,100.0,0.21173170588351625,,,,,,,,,,,,,,,,,
12,lightgbm,minmax,none,lightgbm,0.048617934824708,137.0,53.0,0.4210212668362637,,,,,,,,,,,,,,,,,
13,lightgbm,robust,smote,lightgbm,0.10602881623278611,21.0,23.0,0.0022470857268348655,,,,,,,,,,,,,,,,,
14,lightgbm,robust,smote,lightgbm,0.07868685648195917,23.0,17.0,0.0010903569370544338,,,,,,,,,,,,,,,,,
15,mlp,robust,smote,mlp,0.0034829236891948043,,,,,,,,,,,,,,,,,,,32,0.011071267624373875
16,nb,minmax,none,nb,0.004711638725895528,,,,,,,,,,,,,,,,,,,,
17,dtree,robust,none,dtree,-0.047279891058240514,,,,,,,True,2.0,20.0,,,,,,,,,,,
18,dtree,standard,none,dtree,0.055992575372820826,,,,,,,True,13.0,16.0,,,,,,,,,,,
19,rforest,minmax,none,rforest,0.0,,,,,,,,,,False,29.0,3.0,,,,,,,,
20,xgboost,minmax,smote,xgboost,0.019035318252689545,,,,,,,,,,,,,181.0,10.0,0.0010034665017138729,,,,,
21,dtree,none,smote,dtree,-0.03870222217424294,,,,,,,False,10.0,10.0,,,,,,,,,,,
22,lightgbm,standard,smote,lightgbm,0.03158192256416934,26.0,95.0,0.004781177610736408,,,,,,,,,,,,,,,,,
23,lightgbm,none,none,lightgbm,0.020898904223090015,107.0,12.0,0.023149048005877384,,,,,,,,,,,,,,,,,
24,extratrees,none,smote,extratrees,0.00462762180728796,,,,,,,,,,,,,,,,False,200.0,16.0,,
25,lightgbm,minmax,smote,lightgbm,0.06252746755174349,195.0,57.0,0.05784833687749844,,,,,,,,,,,,,,,,,
26,logreg,robust,smote,logreg,-0.041341883657348096,,,,False,82.8365166316207,l1,,,,,,,,,,,,,,
27,mlp,minmax,none,mlp,-0.07353940482041946,,,,,,,,,,,,,,,,,,,64,1.4468303845772535e-05
28,xgboost,robust,smote,xgboost,0.10171503095764832,,,,,,,,,,,,,186.0,2.0,0.3666038043408905,,,,,
29,xgboost,robust,smote,xgboost,0.06388929586695505,,,,,,,,,,,,,199.0,2.0,0.464972699074878,,,,,
30,rforest,robust,smote,rforest,0.007718318178777495,,,,,,,,,,True,92.0,18.0,,,,,,,,
31,extratrees,robust,smote,extratrees,0.03537129476102981,,,,,,,,,,,,,,,,True,29.0,18.0,,
32,xgboost,none,smote,xgboost,0.08983311429412107,,,,,,,,,,,,,95.0,7.0,0.006769059885196522,,,,,
33,xgboost,none,smote,xgboost,0.07856885751179578,,,,,,,,,,,,,103.0,7.0,0.00798486882161556,,,,,
34,xgboost,none,none,xgboost,0.029732084904252165,,,,,,,,,,,,,111.0,6.0,0.03051878134367999,,,,,
35,xgboost,standard,smote,xgboost,0.004798717576942196,,,,,,,,,,,,,129.0,5.0,0.0020343862058720325,,,,,
36,rforest,none,smote,rforest,0.016951279471541344,,,,,,,,,,False,199.0,7.0,,,,,,,,
37,logreg,minmax,none,logreg,0.0,,,,True,0.002278909685689103,l1,,,,,,,,,,,,,,
38,nb,robust,smote,nb,-0.011316359546305693,,,,,,,,,,,,,,,,,,,,
39,dtree,robust,smote,dtree,0.08703128612241763,,,,,,,True,8.0,11.0,,,,,,,,,,,
40,lightgbm,robust,none,lightgbm,0.0,198.0,44.0,0.0011137828538180954,,,,,,,,,,,,,,,,,
41,dtree,robust,smote,dtree,0.09479223254303347,,,,,,,True,8.0,10.0,,,,,,,,,,,
42,dtree,standard,smote,dtree,0.049387524816580174,,,,,,,True,6.0,5.0,,,,,,,,,,,
43,extratrees,standard,none,extratrees,0.0,,,,,,,,,,,,,,,,False,179.0,3.0,,
44,dtree,none,none,dtree,0.03829509729806979,,,,,,,True,5.0,11.0,,,,,,,,,,,
45,logreg,none,smote,logreg,-0.0744814743928622,,,,False,0.3557939792719356,l2,,,,,,,,,,,,,,
46,dtree,minmax,none,dtree,0.009493307222313127,,,,,,,True,12.0,7.0,,,,,,,,,,,
47,mlp,none,smote,mlp,0.01255644963622207,,,,,,,,,,,,,,,,,,,64_32,0.0803828290815766
48,xgboost,robust,smote,xgboost,0.04488056562046952,,,,,,,,,,,,,38.0,10.0,0.3493124621430171,,,,,
49,lightgbm,robust,smote,lightgbm,0.05638865096230274,151.0,70.0,0.010011714128643072,,,,,,,,,,,,,,,,,
50,xgboost,minmax,none,xgboost,-0.03237837149248134,,,,,,,,,,,,,154.0,8.0,0.011573128346353647,,,,,
51,dtree,robust,smote,dtree,0.10708503216489777,,,,,,,True,7.0,11.0,,,,,,,,,,,
52,dtree,robust,smote,dtree,0.06846463806661164,,,,,,,True,6.0,14.0,,,,,,,,,,,
53,nb,robust,none,nb,0.004711638725895528,,,,,,,,,,,,,,,,,,,,
54,dtree,robust,smote,dtree,0.09174414273696614,,,,,,,True,9.0,8.0,,,,,,,,,,,
55,dtree,robust,smote,dtree,0.09174414273696614,,,,,,,True,9.0,8.0,,,,,,,,,,,
56,mlp,robust,none,mlp,-0.042358045872708305,,,,,,,,,,,,,,,,,,,64_32,1.4093038547799225e-05
57,dtree,minmax,smote,dtree,-0.02030268247330719,,,,,,,True,5.0,10.0,,,,,,,,,,,
58,rforest,minmax,smote,rforest,0.01153017846840741,,,,,,,,,,True,113.0,12.0,,,,,,,,
59,mlp,standard,smote,mlp,-0.047575845091094825,,,,,,,,,,,,,,,,,,,64,0.0008283197726108381
60,nb,minmax,smote,nb,-0.00953533509149814,,,,,,,,,,,,,,,,,,,,
61,dtree,robust,smote,dtree,0.1016720664622927,,,,,,,True,9.0,7.0,,,,,,,,,,,
62,dtree,robust,smote,dtree,0.10548650655560904,,,,,,,True,10.0,5.0,,,,,,,,,,,
63,dtree,robust,smote,dtree,0.09273927231725965,,,,,,,True,12.0,4.0,,,,,,,,,,,
64,lightgbm,robust,smote,lightgbm,0.047261102915665494,59.0,31.0,0.07006593897920989,,,,,,,,,,,,,,,,,
65,mlp,robust,smote,mlp,-0.010460861955142578,,,,,,,,,,,,,,,,,,,32,0.0004106225100961412
66,dtree,robust,none,dtree,-0.00702511189623677,,,,,,,True,8.0,5.0,,,,,,,,,,,
67,dtree,robust,smote,dtree,0.09911385360612053,,,,,,,True,11.0,6.0,,,,,,,,,,,
68,lightgbm,standard,none,lightgbm,0.0,154.0,80.0,0.0035127438571313386,,,,,,,,,,,,,,,,,
69,extratrees,standard,smote,extratrees,-0.04771061467871763,,,,,,,,,,,,,,,,False,104.0,11.0,,
70,extratrees,minmax,smote,extratrees,-0.01443858412659977,,,,,,,,,,,,,,,,True,137.0,10.0,,
71,dtree,robust,smote,dtree,0.11204364760086577,,,,,,,True,11.0,5.0,,,,,,,,,,,
72,dtree,robust,smote,dtree,0.08492461822928858,,,,,,,True,11.0,4.0,,,,,,,,,,,
73,logreg,robust,smote,logreg,-0.041341883657348096,,,,True,86.18083632893186,l1,,,,,,,,,,,,,,
74,extratrees,minmax,none,extratrees,-0.022401695735734747,,,,,,,,,,,,,,,,False,28.0,9.0,,
75,xgboost,robust,smote,xgboost,0.07939049981746794,,,,,,,,,,,,,60.0,4.0,0.0829955848524056,,,,,
76,rforest,robust,smote,rforest,-0.01267784336375962,,,,,,,,,,False,26.0,11.0,,,,,,,,
77,rforest,robust,none,rforest,0.0,,,,,,,,,,False,139.0,4.0,,,,,,,,
78,logreg,standard,none,logreg,0.02192293722982623,,,,False,0.00141866955252539,l2,,,,,,,,,,,,,,
79,logreg,minmax,smote,logreg,-0.02060876987134534,,,,True,1.6230959807996062,l1,,,,,,,,,,,,,,
80,dtree,robust,smote,dtree,0.12182336958569691,,,,,,,True,13.0,6.0,,,,,,,,,,,
81,dtree,robust,smote,dtree,0.10378668958392258,,,,,,,True,14.0,6.0,,,,,,,,,,,
82,extratrees,robust,smote,extratrees,-0.050063815184629185,,,,,,,,,,,,,,,,True,148.0,14.0,,
83,dtree,robust,smote,dtree,0.12193420412518148,,,,,,,True,15.0,3.0,,,,,,,,,,,
84,nb,robust,smote,nb,-0.011316359546305693,,,,,,,,,,,,,,,,,,,,
85,dtree,minmax,none,dtree,0.016639792242971255,,,,,,,True,14.0,2.0,,,,,,,,,,,
86,dtree,none,smote,dtree,-0.04337375656766481,,,,,,,True,15.0,4.0,,,,,,,,,,,
87,dtree,robust,smote,dtree,0.10960933613099366,,,,,,,False,16.0,3.0,,,,,,,,,,,
88,dtree,robust,smote,dtree,0.10960933613099366,,,,,,,False,16.0,3.0,,,,,,,,,,,
89,logreg,robust,none,logreg,0.04260684257550901,,,,False,0.037164729347675715,l1,,,,,,,,,,,,,,
90,dtree,robust,smote,dtree,0.10960933613099366,,,,,,,False,16.0,3.0,,,,,,,,,,,
91,dtree,robust,smote,dtree,0.11670881423475721,,,,,,,False,17.0,3.0,,,,,,,,,,,
92,dtree,robust,smote,dtree,0.11670881423475721,,,,,,,False,17.0,3.0,,,,,,,,,,,
93,dtree,robust,smote,dtree,0.11670881423475721,,,,,,,False,17.0,3.0,,,,,,,,,,,
94,dtree,robust,smote,dtree,0.11670881423475721,,,,,,,False,17.0,3.0,,,,,,,,,,,
95,dtree,standard,smote,dtree,0.10132064579806888,,,,,,,False,17.0,3.0,,,,,,,,,,,
96,dtree,robust,smote,dtree,0.1158106603368267,,,,,,,False,19.0,3.0,,,,,,,,,,,
97,nb,none,none,nb,-0.020972113789186324,,,,,,,,,,,,,,,,,,,,
98,dtree,robust,smote,dtree,0.09645734397478616,,,,,,,False,20.0,2.0,,,,,,,,,,,
99,dtree,robust,smote,dtree,0.1158106603368267,,,,,,,False,19.0,3.0,,,,,,,,,,,
